timestamp,nsec,gyrx(dps),gyry,gyrz,accx(m/s2),accy,accz,eulHead(deg),eulRoll,eulPitch
21:14:49, 639458988, 0.12, -0.56, -3.19, 0.36, 0.15, -0.14, 177.56, -67.56, 66.31, -0.02, -0.60, -0.24, 0.76
21:14:49, 707429493, 0.19, 0.06, 0.06, 0.36, 0.03, -0.11, 177.62, -67.50, 66.38, -0.02, -0.60, -0.24, 0.76
21:14:49, 770738397, 0.25, 0.81, 1.69, 0.28, 0.20, 0.02, 177.62, -67.50, 66.44, -0.02, -0.60, -0.24, 0.76
21:14:49, 839145801, 0.06, 1.19, -0.19, 0.29, 0.20, 0.03, 177.62, -67.56, 66.50, -0.02, -0.60, -0.24, 0.76
21:14:49, 906509316, -0.44, 1.06, -3.12, 0.23, 0.06, -0.06, 177.75, -67.44, 66.75, -0.01, -0.60, -0.24, 0.76
21:14:49, 970957181, -0.50, 1.12, 0.44, 0.25, 0.21, -0.01, 177.88, -67.44, 67.00, -0.01, -0.60, -0.24, 0.76
21:14:50, 037702264, -0.94, 1.00, -2.81, 0.26, 0.08, 0.03, 177.94, -67.38, 67.19, -0.01, -0.60, -0.24, 0.76
21:14:50, 106887598, -0.62, 0.56, -1.25, 0.21, 0.15, -0.06, 177.94, -67.31, 67.38, -0.01, -0.60, -0.25, 0.76
21:14:50, 170416091, -0.50, -0.06, -0.31, 0.12, -0.02, -0.24, 178.00, -67.25, 67.56, -0.01, -0.60, -0.25, 0.76
21:14:50, 238959659, -0.19, -0.06, -0.12, 0.16, 0.03, -0.09, 177.94, -67.38, 67.50, -0.01, -0.61, -0.25, 0.76
21:14:50, 306225732, 0.31, -0.25, 0.94, 0.13, -0.03, -0.10, 177.94, -67.38, 67.56, -0.01, -0.61, -0.25, 0.76
21:14:50, 370422435, 1.25, 0.25, -2.12, 0.20, 0.05, -0.07, 177.94, -67.38, 67.44, -0.01, -0.61, -0.24, 0.76
21:14:50, 437449123, 1.06, -0.06, 3.69, 0.27, 0.11, -0.11, 177.94, -67.44, 67.31, -0.01, -0.61, -0.24, 0.76
21:14:50, 507525663, 0.62, -0.12, -0.25, 0.21, 0.16, -0.02, 177.81, -67.56, 67.12, -0.01, -0.61, -0.24, 0.76
21:14:50, 570262485, 0.12, 0.75, 8.75, 0.18, 0.17, 0.06, 177.50, -67.88, 66.81, -0.02, -0.61, -0.24, 0.76
21:14:50, 637217842, -0.38, 1.06, 2.69, 0.33, 0.22, -0.07, 177.25, -68.19, 66.69, -0.02, -0.61, -0.24, 0.76
21:14:50, 706808021, -0.62, 1.06, 0.38, 0.25, 0.11, -0.14, 177.06, -68.38, 66.69, -0.02, -0.61, -0.24, 0.76
21:14:50, 770576028, -0.69, 1.00, 0.38, 0.16, 0.03, 0.00, 177.12, -68.31, 67.00, -0.02, -0.61, -0.24, 0.76
21:14:50, 836912562, -0.19, 1.12, -2.12, 0.16, -0.03, -0.10, 177.12, -68.38, 67.12, -0.02, -0.61, -0.24, 0.76
21:14:50, 906744921, 0.62, 0.94, 3.31, 0.07, 0.00, -0.02, 177.12, -68.38, 67.25, -0.02, -0.61, -0.24, 0.76
21:14:50, 970605075, 1.38, 0.00, 1.56, 0.07, 0.09, -0.06, 177.06, -68.50, 67.06, -0.02, -0.61, -0.24, 0.76
21:14:51, 037375768, 1.62, -0.06, 5.88, 0.17, 0.13, -0.03, 176.88, -68.69, 66.75, -0.02, -0.61, -0.24, 0.76
21:14:51, 106657526, 1.44, -0.12, 4.06, 0.22, 0.32, 0.00, 176.62, -69.06, 66.25, -0.02, -0.61, -0.23, 0.76
21:14:51, 169781452, 1.06, -0.25, 0.75, 0.28, 0.25, -0.02, 176.56, -69.19, 66.06, -0.02, -0.61, -0.23, 0.76
21:14:51, 237698106, 0.75, -0.31, 0.25, 0.22, 0.15, -0.03, 176.62, -69.19, 66.00, -0.02, -0.61, -0.23, 0.76
21:14:51, 306099918, 0.31, -0.50, 0.31, 0.20, 0.22, -0.12, 176.62, -69.12, 66.06, -0.02, -0.61, -0.23, 0.76
21:14:51, 370099272, -0.12, -0.50, -2.81, 0.34, 0.24, -0.05, 176.81, -69.00, 66.19, -0.02, -0.61, -0.23, 0.76
21:14:51, 436526860, 0.00, 0.00, 1.69, 0.17, 0.16, 0.01, 176.75, -69.00, 66.19, -0.02, -0.61, -0.23, 0.76
21:14:51, 506109039, 0.00, 0.19, 1.50, 0.22, 0.14, -0.08, 176.69, -69.12, 66.06, -0.02, -0.61, -0.23, 0.76
21:14:51, 570055136, 0.25, 0.12, 1.69, 0.16, 0.16, -0.04, 176.62, -69.19, 66.00, -0.02, -0.61, -0.23, 0.76
21:14:51, 637137823, 0.38, -0.06, -3.50, 0.04, 0.12, -0.09, 176.69, -69.06, 66.12, -0.02, -0.61, -0.23, 0.76
21:14:51, 705917591, 0.12, -0.25, 1.56, 0.14, 0.19, -0.03, 176.69, -69.06, 66.12, -0.02, -0.61, -0.23, 0.76
21:14:51, 769878316, 0.25, -0.38, 1.62, 0.18, 0.28, -0.05, 176.56, -69.19, 66.00, -0.02, -0.61, -0.23, 0.76
21:14:51, 837210129, 0.06, -0.25, -1.75, 0.34, 0.10, -0.05, 176.62, -69.12, 66.06, -0.02, -0.61, -0.23, 0.76
21:14:51, 905766752, 0.06, 0.00, -0.44, 0.14, 0.26, 0.00, 176.62, -69.19, 66.00, -0.02, -0.61, -0.23, 0.76
21:14:51, 969734811, -0.19, 0.12, -0.62, 0.25, 0.13, -0.09, 176.62, -69.19, 66.00, -0.02, -0.61, -0.23, 0.76
21:14:52, 037376377, -0.06, 0.12, 0.06, 0.07, 0.06, -0.08, 176.56, -69.19, 66.00, -0.02, -0.61, -0.23, 0.76
21:14:52, 106134349, 0.06, -0.19, -0.50, 0.06, 0.16, 0.00, 176.62, -69.19, 66.00, -0.02, -0.61, -0.23, 0.76
21:14:52, 169632768, 0.06, -0.44, -0.50, 0.10, 0.15, -0.01, 176.56, -69.19, 66.00, -0.02, -0.61, -0.23, 0.76
21:14:52, 237211965, -0.12, -0.19, -1.50, 0.16, 0.15, -0.05, 176.62, -69.12, 66.06, -0.02, -0.61, -0.23, 0.76
21:14:52, 305571499, 0.19, -0.56, 0.50, 0.10, 0.14, -0.04, 176.56, -69.19, 65.94, -0.02, -0.61, -0.23, 0.76
21:14:52, 369507355, 0.25, -0.69, 3.19, 0.21, 0.17, -0.02, 176.44, -69.31, 65.75, -0.02, -0.61, -0.23, 0.76
21:14:52, 436336103, 0.12, -0.19, 3.31, 0.27, 0.24, 0.00, 176.25, -69.44, 65.50, -0.02, -0.61, -0.23, 0.76
21:14:52, 505520604, 0.06, -0.25, -0.69, 0.33, 0.24, -0.02, 176.25, -69.50, 65.50, -0.02, -0.61, -0.23, 0.76
21:14:52, 570052245, -0.25, 0.50, -1.62, 0.25, 0.08, -0.03, 176.31, -69.44, 65.56, -0.02, -0.61, -0.23, 0.76
21:14:52, 636988102, 0.00, 0.94, 0.44, 0.10, 0.04, -0.03, 176.38, -69.38, 65.75, -0.02, -0.61, -0.23, 0.76
21:14:52, 705514929, 0.50, 0.81, -0.44, 0.20, 0.19, -0.03, 176.38, -69.38, 65.88, -0.02, -0.61, -0.23, 0.76
21:14:52, 769982164, 0.81, 0.88, 0.69, 0.16, 0.15, 0.02, 176.50, -69.38, 66.00, -0.02, -0.61, -0.23, 0.76
21:14:52, 836819745, 0.50, 0.31, 1.38, 0.02, 0.31, -0.10, 176.38, -69.56, 65.94, -0.02, -0.61, -0.23, 0.76
21:14:52, 905453682, 0.00, 0.12, 4.06, 0.12, 0.14, 0.04, 176.19, -69.69, 65.75, -0.03, -0.61, -0.23, 0.76
21:14:52, 969974564, 0.06, -0.38, 0.00, 0.19, 0.22, -0.04, 176.06, -69.81, 65.56, -0.03, -0.61, -0.23, 0.76
21:14:53, 036640259, -0.31, -0.44, 0.62, 0.26, 0.07, 0.00, 176.00, -69.81, 65.50, -0.03, -0.61, -0.23, 0.76
21:14:53, 105366435, -0.44, -0.44, -1.69, 0.26, 0.19, -0.16, 176.06, -69.81, 65.50, -0.03, -0.61, -0.23, 0.76
21:14:53, 169551546, -0.50, -0.06, 0.31, 0.25, 0.20, -0.03, 176.06, -69.81, 65.56, -0.03, -0.61, -0.23, 0.76
21:14:53, 236469551, -0.12, -0.38, -0.75, 0.23, 0.00, 0.02, 176.12, -69.75, 65.62, -0.03, -0.61, -0.23, 0.76
21:14:53, 305270374, 0.56, -0.25, 0.25, 0.23, 0.05, 0.00, 176.12, -69.69, 65.62, -0.03, -0.61, -0.23, 0.76
21:14:53, 369971734, 1.12, 0.19, -2.06, 0.21, 0.14, 0.00, 176.25, -69.69, 65.62, -0.02, -0.61, -0.23, 0.76
21:14:53, 436385878, 1.25, 0.50, -0.25, 0.09, 0.00, 0.04, 176.38, -69.62, 65.62, -0.02, -0.61, -0.23, 0.76
21:14:53, 504752672, 1.81, 0.62, 0.69, 0.27, 0.06, -0.01, 176.50, -69.62, 65.56, -0.02, -0.61, -0.23, 0.76
21:14:53, 570233258, 2.19, 0.69, 0.94, 0.06, 0.07, -0.05, 176.50, -69.69, 65.31, -0.02, -0.61, -0.23, 0.76
21:14:53, 636109746, 2.38, 0.56, 2.06, 0.12, 0.35, -0.05, 176.44, -69.94, 65.00, -0.02, -0.61, -0.22, 0.76
21:14:53, 704850347, 2.00, 0.31, 0.00, 0.33, 0.28, -0.07, 176.44, -70.00, 64.75, -0.02, -0.61, -0.22, 0.76
21:14:53, 769821795, 1.06, 0.69, -0.69, 0.17, 0.34, -0.02, 176.44, -70.12, 64.62, -0.02, -0.61, -0.22, 0.76
21:14:53, 836226606, 0.19, 0.56, 0.00, 0.18, 0.29, 0.03, 176.50, -70.12, 64.69, -0.02, -0.62, -0.22, 0.76
21:14:53, 904855173, -0.06, 0.12, -1.25, 0.13, 0.11, -0.01, 176.56, -70.06, 64.81, -0.02, -0.61, -0.22, 0.76
21:14:53, 969119374, -0.12, -0.19, -1.88, 0.22, 0.14, -0.09, 176.62, -70.00, 64.88, -0.02, -0.61, -0.22, 0.76
21:14:54, 036509334, 0.38, -0.25, 0.38, 0.14, 0.06, -0.06, 176.69, -69.94, 65.00, -0.02, -0.61, -0.22, 0.76
21:14:54, 105664298, 0.62, -0.19, -1.19, 0.23, 0.11, -0.07, 176.75, -69.94, 65.00, -0.02, -0.61, -0.22, 0.76
21:14:54, 169252216, 0.69, 0.12, 1.50, 0.13, 0.16, -0.05, 176.69, -70.00, 64.88, -0.02, -0.61, -0.22, 0.76
21:14:54, 236050557, 0.38, 0.56, 2.25, 0.28, 0.24, 0.00, 176.62, -70.12, 64.69, -0.02, -0.62, -0.22, 0.76
21:14:54, 304840139, -0.06, 0.31, 2.75, 0.24, 0.13, -0.01, 176.50, -70.19, 64.56, -0.02, -0.62, -0.22, 0.76
21:14:54, 370717922, -0.38, 0.44, -0.50, 0.28, 0.18, -0.04, 176.44, -70.25, 64.50, -0.02, -0.62, -0.22, 0.76
21:14:54, 436581558, -0.50, 0.44, -2.19, 0.21, 0.14, 0.00, 176.50, -70.19, 64.62, -0.02, -0.62, -0.22, 0.76
21:14:54, 504944426, -0.44, 0.56, -0.88, 0.10, 0.05, -0.06, 176.56, -70.12, 64.75, -0.02, -0.62, -0.22, 0.76
21:14:54, 570491215, -0.19, 0.50, 1.88, 0.19, 0.08, -0.04, 176.56, -70.19, 64.75, -0.02, -0.62, -0.22, 0.76
21:14:54, 636447145, 0.50, 0.00, -1.88, 0.14, 0.06, -0.05, 176.62, -70.12, 64.88, -0.02, -0.62, -0.22, 0.76
21:14:54, 704950510, 0.88, 0.12, 1.06, 0.14, 0.24, -0.03, 176.62, -70.19, 64.81, -0.02, -0.62, -0.22, 0.76
21:14:54, 769064789, 0.50, -0.50, -1.00, 0.20, 0.13, -0.02, 176.69, -70.12, 64.75, -0.02, -0.62, -0.22, -1.24
21:14:54, 836109773, 0.38, 0.12, -0.25, 0.14, 0.12, -0.03, 176.69, -70.12, 64.75, -0.02, -0.62, -0.22, 0.76
21:14:54, 904563028, 0.38, -0.25, 0.06, 0.23, 0.21, -0.06, 176.62, -70.19, 64.75, -0.02, -0.62, -0.22, 0.76
21:14:54, 970382553, 0.38, -0.31, -0.44, 0.20, 0.09, -0.05, 176.69, -70.12, 64.81, -0.02, -0.62, -0.22, 0.76
21:14:55, 037530499, 0.69, -0.38, 0.50, 0.13, 0.19, -0.05, 176.69, -70.12, 64.75, -0.02, -0.62, -0.22, 0.76
21:14:55, 104059270, 0.50, -0.81, 0.00, 0.14, 0.12, 0.01, 176.69, -70.12, 64.75, -0.02, -0.62, -0.22, 0.76
21:14:55, 171152513, 0.12, -0.88, -1.06, 0.22, 0.13, -0.02, 176.75, -70.06, 64.69, -0.02, -0.62, -0.22, 0.76
21:14:55, 237299717, 0.19, -0.62, 2.31, 0.25, 0.13, -0.03, 176.62, -70.12, 64.44, -0.02, -0.61, -0.22, 0.76
21:14:55, 306383665, 0.19, -0.12, 4.75, 0.31, 0.28, -0.02, 176.38, -70.31, 64.12, -0.02, -0.62, -0.22, -1.24
21:14:55, 371585590, 0.06, 0.12, 0.25, 0.21, 0.21, -0.06, 176.19, -70.50, 63.88, -0.03, -0.62, -0.22, 0.76
21:14:55, 436426244, -0.06, 0.56, 4.12, 0.23, 0.09, -0.02, 176.12, -70.56, 63.81, -0.03, -0.62, -0.22, 0.76
21:14:55, 504192771, -0.06, 0.56, 3.12, 0.22, 0.14, -0.07, 175.88, -70.81, 63.50, -0.03, -0.62, -0.22, 0.76
21:14:55, 568993296, -0.06, 0.62, 4.38, 0.06, -0.03, -0.03, 175.56, -71.12, 63.19, -0.03, -0.62, -0.21, 0.76
21:14:55, 636382348, 0.44, 0.50, 7.25, 0.09, 0.08, -0.05, 175.12, -71.50, 62.62, -0.03, -0.62, -0.21, 0.76
21:14:55, 704000341, 0.75, 0.06, 6.44, 0.15, 0.20, -0.06, 174.69, -71.94, 61.88, -0.03, -0.62, -0.21, 0.76
21:14:55, 769260543, 1.12, 0.38, 8.19, 0.10, 0.12, 0.00, 174.31, -72.25, 61.25, -0.04, -0.62, -0.21, 0.76
21:14:55, 835639965, 1.00, 0.38, 9.31, 0.17, 0.14, -0.05, 173.81, -72.75, 60.31, -0.04, -0.62, -0.20, 0.76
21:14:55, 904125349, 0.75, 0.69, 11.19, 0.28, 0.27, -0.06, 173.12, -73.44, 59.00, -0.05, -0.62, -0.20, 0.76
21:14:55, 969252054, 0.94, 0.75, 10.06, 0.10, 0.20, -0.10, 172.50, -74.00, 57.81, -0.05, -0.62, -0.20, 0.76
21:14:56, 036616143, 0.81, 0.75, 8.94, 0.15, 0.13, -0.02, 171.94, -74.50, 56.69, -0.05, -0.62, -0.19, 0.76
21:14:56, 104321208, 0.88, 1.00, 16.75, 0.08, 0.25, -0.07, 171.06, -75.31, 54.81, -0.06, -0.63, -0.19, 0.75
21:14:56, 169659446, 0.56, 0.56, 11.50, 0.28, 0.22, -0.06, 170.31, -76.00, 53.06, -0.06, -0.63, -0.18, 0.75
21:14:56, 238059480, -0.12, 0.69, 12.38, 0.33, 0.28, -0.13, 169.38, -76.81, 50.88, -0.07, -0.63, -0.18, 0.75
21:14:56, 303746674, -0.50, 0.81, 3.06, 0.25, 0.15, -0.05, 168.94, -77.19, 49.88, -0.07, -0.63, -0.17, 0.75
21:14:56, 369058468, -0.25, 0.88, 6.88, 0.02, 0.16, -0.03, 168.69, -77.38, 49.44, -0.07, -0.63, -0.17, 0.75
21:14:56, 435367132, 0.00, -0.19, 11.69, 0.16, 0.18, -0.07, 168.06, -77.88, 47.56, -0.08, -0.63, -0.17, 0.75
21:14:56, 507570597, 0.00, -0.19, 11.75, 0.13, 0.12, -0.02, 167.25, -78.50, 44.94, -0.08, -0.63, -0.16, 0.75
21:14:56, 569283937, -0.12, -0.31, 12.31, 0.12, 0.19, -0.05, 166.50, -79.00, 42.19, -0.09, -0.64, -0.16, 0.75
21:14:56, 635594768, -0.38, -0.56, 15.44, 0.31, 0.20, -0.06, 165.50, -79.62, 38.19, -0.10, -0.64, -0.15, 0.75
21:14:56, 703770973, -0.44, -0.06, 13.38, 0.29, 0.05, -0.04, 164.56, -80.19, 33.94, -0.10, -0.64, -0.15, 0.75
21:14:56, 768977528, -0.50, 0.25, 14.00, 0.30, 0.09, -0.01, 163.75, -80.62, 29.81, -0.11, -0.64, -0.15, 0.75
21:14:56, 835995531, -0.25, 0.94, 15.00, 0.24, -0.03, 0.04, 162.62, -81.19, 23.62, -0.11, -0.64, -0.14, 0.75
21:14:56, 903569136, 0.06, 1.00, 20.12, 0.24, 0.09, -0.06, 161.38, -81.62, 15.81, -0.12, -0.64, -0.13, 0.74
21:14:56, 969131462, 0.00, 1.06, 9.00, 0.14, 0.08, -0.03, 160.62, -81.88, 10.94, -0.13, -0.64, -0.13, 0.74
21:14:57, 036653993, 0.12, 1.06, 18.81, 0.04, 0.08, 0.00, 159.50, -82.12, 3.12, -0.13, -0.65, -0.12, 0.74
21:14:57, 103139728, 0.19, 0.62, 20.38, 0.12, 0.16, -0.02, 158.19, -82.12, -6.31, -0.14, -0.65, -0.11, 0.74
21:14:57, 169881051, 0.06, 0.50, 17.62, 0.17, 0.00, -0.04, 157.00, -81.88, -14.94, -0.15, -0.65, -0.11, 0.74
21:14:57, 237901425, 0.00, 0.00, 11.44, 0.11, 0.07, -0.06, 155.94, -81.56, -21.62, -0.16, -0.65, -0.10, 0.74
21:14:57, 309679102, 0.19, -0.06, 12.81, 0.26, 0.07, -0.05, 155.25, -81.31, -26.00, -0.16, -0.65, -0.10, 0.74
21:14:57, 368888154, 0.25, 0.19, 11.75, 0.06, 0.09, -0.06, 154.44, -80.94, -30.44, -0.17, -0.65, -0.09, 0.73
21:14:57, 436851881, 0.50, 0.38, 15.88, 0.24, 0.08, -0.08, 153.44, -80.38, -35.69, -0.17, -0.65, -0.09, 0.73
21:14:57, 502959846, 0.94, 0.44, 12.12, 0.35, 0.03, -0.06, 152.56, -79.75, -40.06, -0.18, -0.65, -0.08, 0.73
21:14:57, 569105069, 1.06, 1.12, 16.81, 0.27, 0.10, -0.05, 151.75, -79.25, -43.56, -0.18, -0.65, -0.08, 0.73
21:14:57, 638631823, 1.06, 1.00, 12.44, 0.17, 0.03, -0.08, 150.75, -78.56, -47.75, -0.19, -0.65, -0.07, 0.73
21:14:57, 702889691, 1.19, 1.00, 12.75, 0.03, 0.01, -0.05, 150.00, -78.00, -50.56, -0.19, -0.66, -0.07, 0.73
21:14:57, 769337946, 1.19, 0.62, 17.12, 0.26, 0.13, -0.08, 149.12, -77.25, -53.50, -0.20, -0.66, -0.06, 0.72
21:14:57, 837651148, 1.06, 0.81, 21.50, 0.39, 0.19, 0.04, 147.81, -76.19, -56.88, -0.21, -0.66, -0.05, 0.72
21:14:57, 903579560, 0.75, 1.81, 9.50, 0.51, 0.03, -0.04, 146.94, -75.44, -59.19, -0.21, -0.66, -0.05, 0.72
21:14:57, 969399400, 0.94, 2.94, 6.56, 0.21, 0.00, -0.04, 146.56, -75.19, -60.56, -0.22, -0.66, -0.04, 0.72
21:14:58, 035219573, 1.56, 3.06, 10.62, 0.07, -0.03, -0.15, 146.06, -74.81, -62.31, -0.22, -0.66, -0.04, 0.72
21:14:58, 102621143, 2.25, 2.19, 13.38, -0.11, 0.03, -0.08, 145.31, -74.19, -64.31, -0.22, -0.66, -0.04, 0.71
21:14:58, 169117156, 1.94, 0.50, 13.00, 0.07, 0.10, -0.04, 144.62, -73.50, -65.81, -0.23, -0.66, -0.03, 0.71
21:14:58, 236759389, 1.31, -0.12, 21.00, -0.03, 0.20, -0.04, 143.56, -72.38, -67.50, -0.23, -0.66, -0.02, 0.71
21:14:58, 302683783, 0.50, -1.25, 9.25, 0.14, 0.21, -0.03, 142.38, -71.25, -68.81, -0.24, -0.66, -0.01, 0.71
21:14:58, 370761897, 0.00, -0.94, 4.44, 0.43, 0.22, -0.08, 141.88, -70.75, -69.19, -0.24, -0.66, -0.01, 0.71
21:14:58, 436946452, -0.50, -0.12, 3.88, 0.46, 0.12, -0.08, 141.56, -70.44, -69.50, -0.25, -0.66, -0.01, 0.71
21:14:58, 502396928, -0.56, 0.44, 9.06, 0.16, -0.10, -0.07, 141.12, -70.06, -69.94, -0.25, -0.66, -0.01, 0.70
21:14:58, 568762444, -0.31, 0.56, 6.88, 0.16, 0.06, -0.07, 140.56, -69.56, -70.38, -0.25, -0.66, -0.00, 0.70
21:14:58, 637246735, 0.00, 0.31, 13.12, 0.21, -0.01, -0.04, 140.06, -69.06, -70.88, -0.26, -0.66, -0.00, 0.70
21:14:58, 702688415, -0.06, -0.06, 11.06, 0.21, 0.04, -0.01, 139.12, -68.19, -71.62, -0.26, -0.66, 0.00, 0.70
21:14:58, 768989284, -0.25, -0.25, 14.62, 0.12, 0.07, -0.04, 138.44, -67.50, -72.19, -0.27, -0.66, 0.01, 0.70
21:14:58, 837388521, -0.56, -0.12, 11.50, 0.10, 0.10, -0.05, 137.50, -66.62, -72.81, -0.27, -0.66, 0.01, 0.70
21:14:58, 902147992, -0.38, 0.00, 18.81, 0.19, -0.02, -0.04, 136.50, -65.69, -73.50, -0.28, -0.66, 0.02, 0.69
21:14:58, 968813853, -0.12, 0.06, 16.56, 0.23, -0.09, -0.01, 135.44, -64.69, -74.12, -0.28, -0.66, 0.03, 0.69
21:14:59, 038337848, 0.25, 0.62, 19.44, 0.21, -0.04, -0.05, 134.25, -63.50, -74.81, -0.29, -0.66, 0.03, 0.69
21:14:59, 103197224, 0.69, 0.88, 21.12, 0.30, 0.00, -0.03, 132.94, -62.31, -75.56, -0.30, -0.66, 0.04, 0.68
21:14:59, 169365280, 0.88, 1.06, 16.12, 0.20, -0.04, 0.00, 131.94, -61.31, -76.19, -0.30, -0.66, 0.05, 0.68
21:14:59, 237381117, 1.06, 1.19, 17.25, 0.29, -0.01, 0.00, 130.81, 1987.81, -76.88, -0.31, -0.66, 0.05, 0.68
21:14:59, 302066274, 1.19, 1.38, 19.31, 0.06, 0.04, -0.02, 129.50, -58.88, -77.62, -0.32, -0.66, 0.06, 0.67
21:14:59, 368976002, 1.25, 1.50, 13.62, 0.13, 0.07, -0.05, 128.50, -57.94, -78.19, -0.32, -0.66, 0.07, 0.67
21:14:59, 437453701, 1.06, 1.06, 12.75, 0.14, 0.01, -0.04, 127.69, -57.12, -78.62, -0.33, -0.66, 0.07, 0.67
21:14:59, 501485536, 0.69, 0.75, 14.06, 0.15, 0.02, -0.01, 126.62, -56.06, -79.12, -0.33, -0.66, 0.08, 0.66
21:14:59, 568957902, 0.56, 0.69, 20.75, -0.08, 0.08, -0.06, 125.62, -55.12, -79.50, -0.34, -0.66, 0.09, 0.66
21:14:59, 638624949, 0.56, 0.19, 7.00, 0.15, 0.04, -0.01, 124.75, -54.25, -79.69, -0.34, -0.66, 0.09, 0.66
21:14:59, 703441437, 0.44, 0.31, 18.06, 0.16, 0.04, -0.05, 123.88, -53.44, -79.94, -0.35, -0.66, 0.09, 0.66
21:14:59, 771854415, 0.31, 0.31, 15.75, 0.17, 0.07, -0.01, 122.81, -52.38, -80.19, -0.36, -0.66, 0.10, 0.65
21:14:59, 839078156, 0.06, 0.19, 9.12, 0.11, 0.17, -0.06, 122.19, -51.69, -80.31, -0.36, -0.66, 0.10, 0.65
21:14:59, 903849996, -0.31, 0.12, 6.56, 0.10, 0.09, -0.04, 121.56, -51.12, -80.44, -0.36, -0.66, 0.11, 0.65
21:14:59, 968479099, -0.69, -0.06, 11.81, 0.21, 0.10, -0.07, 121.00, -50.56, -80.50, -0.37, -0.66, 0.11, 0.65
21:15:00, 038112888, -0.44, 0.12, 10.69, 0.25, 0.07, -0.06, 120.19, -49.81, -80.62, -0.37, -0.66, 0.12, 0.64
21:15:00, 103232852, -0.12, -0.06, 11.12, 0.24, 0.04, -0.02, 119.50, -49.12, -80.75, -0.37, -0.66, 0.12, 0.64
21:15:00, 168448832, -0.19, -0.06, 10.50, 0.10, -0.03, -0.07, 118.88, -48.50, -80.88, -0.38, -0.66, 0.12, 0.64
21:15:00, 236906476, -0.06, 0.25, 7.62, 0.18, 0.09, -0.03, 118.19, -47.81, -81.00, -0.38, -0.66, 0.13, 0.64
21:15:00, 302178900, -0.31, 0.12, 9.62, 0.06, 0.05, -0.07, 117.69, -47.31, -81.12, -0.38, -0.66, 0.13, 0.64
21:15:00, 368794651, -0.31, -0.19, 10.62, 0.08, 0.03, -0.07, 117.06, -46.69, -81.19, -0.39, -0.66, 0.13, 0.63
21:15:00, 438112335, -0.38, -0.69, 10.62, 0.12, 0.00, -0.10, 116.38, -46.00, -81.31, -0.39, -0.65, 0.14, 0.63
21:15:00, 503237021, -0.38, -0.88, 14.75, 0.25, 0.06, -0.07, 115.50, -45.06, -81.38, -0.40, -0.65, 0.14, 0.63
21:15:00, 568324337, -0.19, -0.75, 14.44, 0.15, 0.03, -0.04, 114.62, -44.25, -81.50, -0.40, -0.65, 0.15, 0.63
21:15:00, 637814148, -0.56, -0.44, 2.56, 0.28, 0.04, -0.02, 114.19, -43.75, -81.50, -0.40, -0.65, 0.15, 0.62
21:15:00, 701366566, -0.56, -0.06, 13.31, 0.10, 0.03, 0.00, 113.50, -43.06, -81.56, -0.41, -0.65, 0.15, 0.62
21:15:00, 768639454, 0.00, 0.25, 9.12, 0.26, 0.03, 0.00, 112.88, -42.50, -81.62, -0.41, -0.65, 0.16, 0.62
21:15:00, 836977340, 0.31, 0.38, 11.31, 0.17, -0.09, 0.01, 112.06, -41.69, -81.75, -0.42, -0.65, 0.16, 0.62
21:15:00, 901521870, 1.31, 0.69, 8.50, 0.17, -0.12, -0.07, 111.44, -41.06, -81.94, -0.42, -0.65, 0.17, 0.61
21:15:00, 968835202, 1.81, 0.88, 17.88, 0.05, -0.02, -0.07, 110.69, -40.31, -82.12, -0.42, -0.65, 0.17, 0.61
21:15:01, 036560840, 2.12, 0.56, 16.06, 0.13, 0.00, -0.05, 109.62, -39.19, -82.44, -0.43, -0.65, 0.18, 0.61
21:15:01, 102246535, 2.12, 0.31, 17.56, 0.08, 0.08, 0.01, 108.56, -38.06, -82.69, -0.43, -0.65, 0.18, 0.60
21:15:01, 168341351, 1.75, 0.12, 10.62, 0.19, 0.11, -0.05, 107.81, -37.25, -82.94, -0.44, -0.64, 0.19, 0.60
21:15:01, 237530296, 1.25, 0.00, 8.31, 0.09, 0.13, 0.02, 107.38, -36.75, -83.06, -0.44, -0.64, 0.19, 0.60
21:15:01, 302479504, 0.50, -0.06, 15.50, 0.10, 0.10, 0.00, 106.44, -35.75, -83.25, -0.44, -0.64, 0.20, 0.59
21:15:01, 368441045, 0.44, -0.06, 13.31, 0.07, 0.04, -0.06, 105.56, -42.88, -83.31, -0.45, -0.64, 0.20, 0.59
21:15:01, 437061205, 0.38, 0.00, 9.50, 0.21, 0.11, -0.06, 104.81, -34.19, -83.38, -0.45, -0.64, 0.21, 0.59
21:15:01, 502638605, 0.12, 0.06, 15.06, 0.03, 0.00, -0.02, 103.94, -33.31, -83.44, -0.46, -0.64, 0.21, 0.58
21:15:01, 568975083, 0.12, 0.12, 11.31, 0.13, -0.01, 0.00, 103.12, -32.50, -83.50, -0.46, -0.64, 0.22, 0.58
21:15:01, 636820905, 0.12, -0.12, 11.88, 0.11, 0.10, -0.03, 102.38, -31.75, -83.56, -0.46, -0.63, 0.22, 0.58
21:15:01, 705730282, -0.19, 0.56, 14.88, 0.05, 0.09, -0.05, 101.31, -30.69, -83.62, -0.47, -0.63, 0.23, 0.57
21:15:01, 768055555, -0.44, 0.00, 7.25, 0.08, 0.04, -0.08, 100.75, -30.19, -83.69, -0.47, -0.63, 0.23, 0.57
21:15:01, 837772325, -0.50, 0.00, 4.94, 0.04, 0.00, -0.08, 100.31, -29.69, -83.69, -0.47, -0.63, 0.23, 0.57
21:15:01, 903571220, 0.00, 0.19, 6.12, 0.07, 0.00, -0.10, 99.94, -29.38, -83.75, -0.48, -0.63, 0.24, 0.57
21:15:01, 968232267, 0.25, 0.06, 12.06, 0.16, 0.08, -0.09, 99.31, -28.69, -83.75, -0.48, -0.63, 0.24, 0.56
21:15:02, 037533673, 0.56, 0.25, 12.38, 0.20, -0.02, -0.08, 98.50, -27.94, -83.81, -0.48, -0.63, 0.24, 0.56
21:15:02, 103441030, 0.62, 0.19, 10.38, 0.11, -0.02, 0.00, 97.69, -27.12, -83.88, -0.49, -0.63, 0.25, 0.56
21:15:02, 168554920, 0.69, 0.50, 9.25, 0.03, 0.08, -0.09, 97.00, -26.38, -84.00, -0.49, -0.62, 0.25, 0.55
21:15:02, 239311652, 0.25, 0.25, 7.19, 0.00, 0.18, -0.16, 96.56, -25.94, -84.00, -0.49, -0.62, 0.25, 0.55
21:15:02, 305818053, -0.06, -0.12, 14.19, 0.16, 0.24, -0.12, 96.00, -25.38, -84.00, -0.49, -0.62, 0.26, 0.55
21:15:02, 368253492, -0.94, -0.38, 9.38, -0.05, 0.08, -0.14, 95.19, -24.56, -84.06, -0.50, -0.62, 0.26, 0.55
21:15:02, 437232015, -1.00, -0.81, 14.88, 0.07, 0.09, -0.08, 94.31, -23.69, -84.06, -0.50, -0.62, 0.27, 0.54
21:15:02, 504033245, -0.94, -0.44, 7.06, 0.28, 0.09, 0.06, 93.75, -23.19, -84.00, -0.51, -0.62, 0.27, 0.54
21:15:02, 567863991, -1.06, -0.19, 7.56, 0.14, -0.07, 0.10, 93.31, -22.69, -83.94, -0.51, -0.61, 0.27, 0.54
21:15:02, 637398615, -0.56, 0.12, 6.31, -0.02, -0.08, -0.13, 92.62, -22.06, -83.88, -0.51, -0.61, 0.27, 0.54
21:15:02, 704139976, -0.06, 0.31, 5.12, 0.20, 0.07, -0.15, 92.25, -21.69, -83.94, -0.51, -0.61, 0.28, 0.53
21:15:02, 771682840, 0.00, 0.69, 11.38, 0.06, 0.06, -0.08, 91.69, -21.06, -84.00, -0.52, -0.61, 0.28, 0.53
21:15:02, 836742120, -0.12, 0.69, 10.56, -0.02, -0.05, -0.04, 90.81, -20.31, -84.06, -0.52, -0.61, 0.28, 0.53
21:15:02, 902888657, 0.25, 0.44, 14.31, -0.01, 0.09, 0.05, 90.06, -19.56, -84.06, -0.52, -0.61, 0.29, 0.52
21:15:02, 968619480, 0.19, 0.44, 8.00, 0.06, 0.11, -0.04, 89.38, -18.88, -84.12, -0.53, -0.61, 0.29, 0.52
21:15:03, 037698409, 0.12, 0.06, 0.88, 0.01, 0.01, -0.05, 89.06, -18.56, -84.12, -0.53, -0.60, 0.29, 0.52
21:15:03, 105355790, -0.12, -0.38, 11.75, 0.05, 0.10, -0.01, 88.69, -18.12, -84.12, -0.53, -0.60, 0.30, 0.52
21:15:03, 167658527, -0.50, -0.44, 6.69, -0.09, 0.06, 0.00, 88.19, -17.69, -84.19, -0.53, -0.60, 0.30, 0.52
21:15:03, 237287113, -0.88, -0.69, 9.00, 0.02, -0.01, -0.07, 87.62, -17.06, -84.12, -0.53, -0.60, 0.30, 0.51
21:15:03, 303894105, -0.38, -1.12, 12.50, 0.14, -0.06, 0.02, 86.94, -16.31, -84.12, -0.54, -0.60, 0.31, 0.51
21:15:03, 368614336, 0.12, -1.12, 15.25, 0.06, -0.03, 0.00, 86.12, -15.44, -84.12, -0.54, -0.60, 0.31, 0.51
21:15:03, 436557692, 0.50, -1.31, 16.75, 0.11, -0.09, -0.01, 85.12, -14.38, -84.12, -0.55, -0.59, 0.32, 0.50
21:15:03, 501966984, 1.25, -1.19, 10.31, 0.34, 0.00, 0.00, 84.25, -13.44, -84.19, -0.55, -0.59, 0.32, 0.50
21:15:03, 567833212, 1.75, -0.31, 4.44, 0.22, 0.06, -0.01, 84.00, -13.06, -84.25, -0.55, -0.59, 0.32, 0.50
21:15:03, 636066212, 1.69, 0.31, 5.81, 0.06, 0.17, -0.03, 83.50, -12.56, -84.38, -0.55, -0.59, 0.33, 0.49
21:15:03, 702497245, 1.25, 0.19, 6.81, -0.06, 0.10, -0.07, 83.19, -12.19, -84.50, -0.55, -0.59, 0.33, 0.49
21:15:03, 768447638, 1.06, -0.12, 8.62, 0.08, 0.03, -0.04, 82.62, -11.69, -84.62, -0.55, -0.59, 0.33, 0.49
21:15:03, 836499437, 0.50, -0.12, 11.31, 0.18, 0.05, -0.13, 81.94, -10.94, -84.69, -0.56, -0.58, 0.34, 0.48
21:15:03, 904191299, 0.38, 0.56, 10.12, -0.02, 0.17, 0.11, 81.19, -10.19, -84.69, -0.56, -0.58, 0.34, 0.48
21:15:03, 967598405, 0.31, 0.75, 12.50, 0.05, 0.09, 0.00, 80.50, -9.56, -84.69, -0.56, -0.58, 0.34, 0.48
21:15:04, 037405673, 1.00, 0.50, 0.94, 0.00, 0.07, -0.04, 80.06, -9.12, -84.75, -0.57, -0.58, 0.35, 0.47
21:15:04, 103266882, 1.06, -0.06, -0.56, 0.08, 0.18, 0.00, 80.06, -9.12, -84.81, -0.56, -0.58, 0.35, 0.47
21:15:04, 168540102, 0.38, -0.38, -15.25, 0.05, 0.33, -0.08, 80.75, -9.75, -84.88, -0.56, -0.58, 0.34, 0.48
21:15:04, 236304537, -1.31, -0.38, -16.06, 0.17, 0.11, 0.03, 81.62, -10.69, -84.81, -0.56, -0.58, 0.34, 0.48
21:15:04, 302912622, -0.94, 0.31, -10.81, 0.22, 0.00, 0.09, 82.38, -11.44, -84.75, -0.56, -0.59, 0.33, 0.49
21:15:04, 367652167, -0.25, 0.75, -9.56, 0.05, -0.19, -0.03, 83.00, -12.06, -84.69, -0.55, -0.59, 0.33, 0.49
21:15:04, 437089996, 0.94, 0.62, -4.56, 0.18, -0.03, -0.09, 83.31, -12.44, -84.69, -0.55, -0.59, 0.33, 0.49
21:15:04, 503869263, 1.06, 0.88, -15.06, 0.13, 0.05, -0.04, 84.00, -13.12, -84.81, -0.55, -0.59, 0.33, 0.49
21:15:04, 567503754, 1.06, 1.56, -30.88, -0.13, 0.07, 0.04, 85.56, -14.69, -84.88, -0.54, -0.60, 0.32, 0.50
21:15:04, 635805197, 0.00, 1.25, -14.31, 0.05, 0.07, -0.01, 86.62, -15.88, -84.88, -0.54, -0.60, 0.31, 0.51
21:15:04, 703848126, -0.94, 0.25, -10.94, 0.00, 0.12, 0.03, 87.31, -16.62, -84.81, -0.53, -0.60, 0.31, 0.51
21:15:04, 768045014, -1.12, -0.31, -9.62, 0.02, 0.00, 0.08, 88.06, -17.38, -84.69, -0.53, -0.60, 0.30, 0.51
21:15:04, 836965687, -1.62, -0.19, -6.50, 0.00, 0.10, 0.07, 88.38, -17.69, -84.62, -0.53, -0.60, 0.30, 0.51
21:15:04, 903671511, -1.75, -0.50, -15.00, -0.26, 0.05, 0.05, 89.12, -18.44, -84.50, -0.53, -0.61, 0.30, 0.52
21:15:04, 967627792, -1.62, -1.75, -31.69, 0.01, -0.03, 0.04, 91.00, -20.31, -84.25, -0.52, -0.61, 0.29, 0.53
21:15:05, 036828774, -1.12, -1.44, -28.19, 0.14, -0.13, 0.16, 92.81, -22.06, -84.06, -0.51, -0.61, 0.27, 0.54
21:15:05, 104773390, -0.69, -0.50, -15.81, 0.09, -0.05, 0.14, 94.31, -23.44, -83.88, -0.50, -0.62, 0.27, 0.54
21:15:05, 168105942, 0.06, -0.12, -15.88, 0.13, -0.08, 0.16, 95.38, -24.50, -83.75, -0.50, -0.62, 0.26, 0.55
21:15:05, 236201667, 0.75, 0.00, -21.06, -0.20, -0.07, 0.05, 96.50, -25.62, -83.69, -0.49, -0.62, 0.26, 0.55
21:15:05, 303673773, 1.19, -0.06, -1.06, 0.19, -0.09, 0.12, 97.12, -26.25, -83.75, -0.49, -0.62, 0.25, 0.56
21:15:05, 367976196, 1.56, -0.56, -8.81, 0.01, 0.01, 0.18, 97.44, -26.44, -83.75, -0.49, -0.62, 0.25, 0.56
21:15:05, 436064995, 1.56, -0.62, -6.38, -0.02, 0.10, 0.07, 98.00, -26.94, -83.81, -0.49, -0.62, 0.25, 0.56
21:15:05, 504106424, 0.88, -1.62, -9.94, -0.01, 0.17, 0.08, 98.50, -27.38, -83.81, -0.48, -0.62, 0.25, 0.56
21:15:05, 567559641, 0.38, -1.38, -8.00, 0.18, 0.10, 0.13, 99.25, -28.00, -83.75, -0.48, -0.63, 0.25, 0.56
21:15:05, 636120560, 0.06, -1.06, -12.25, 0.11, 0.08, 0.12, 99.94, -28.56, -83.62, -0.48, -0.63, 0.24, 0.57
21:15:05, 703429299, -0.12, -0.38, -14.12, 0.24, 0.02, 0.13, 100.75, -29.38, -83.50, -0.47, -0.63, 0.24, 0.57
21:15:05, 767612076, -0.44, 0.31, -16.38, 0.15, -0.01, 0.17, 101.69, -30.31, -83.44, -0.47, -0.63, 0.23, 0.57
21:15:05, 836315957, -0.88, -0.06, -13.12, 0.20, 0.09, 0.05, 102.56, -31.19, -83.31, -0.46, -0.63, 0.23, 0.58
21:15:05, 903886894, -0.94, -0.12, -20.81, 0.18, -0.02, 0.13, 103.75, -32.44, -83.19, -0.46, -0.63, 0.22, 0.58
21:15:05, 967080023, -1.06, 0.56, -12.25, 0.03, -0.07, 0.17, 104.69, -33.38, -83.00, -0.45, -0.63, 0.22, 0.59
21:15:06, 035748644, -0.62, 0.81, -12.06, 0.16, 0.03, 0.07, 105.25, -33.94, -82.88, -0.45, -0.64, 0.21, 0.59
21:15:06, 104258380, -0.19, 1.19, -15.94, 0.00, -0.02, 0.11, 106.25, -35.06, -82.81, -0.44, -0.64, 0.20, 0.59
21:15:06, 167604006, -0.94, 0.62, -16.81, -0.04, 0.13, 0.22, 107.31, -36.12, -82.69, -0.44, -0.64, 0.20, 0.60
21:15:06, 235464938, -1.12, -0.31, -13.75, -0.17, -0.03, 0.17, 108.19, -37.00, -82.44, -0.44, -0.64, 0.19, 0.60
21:15:06, 303571922, -0.81, -1.12, -10.50, -0.17, -0.01, 0.15, 108.88, -37.69, -82.25, -0.43, -0.64, 0.19, 0.61
21:15:06, 366955880, -0.19, -1.75, -6.69, 0.18, -0.05, 0.08, 109.56, -38.31, -82.00, -0.43, -0.64, 0.19, 0.61
21:15:06, 435268101, 0.31, -1.31, -11.62, 0.32, -0.04, 0.13, 110.06, -38.75, -81.88, -0.43, -0.64, 0.18, 0.61
21:15:06, 503558137, 1.00, -0.50, -18.06, 0.18, -0.25, 0.12, 111.25, -39.88, -81.69, -0.42, -0.64, 0.18, 0.62
21:15:06, 567749191, 1.38, -0.19, -13.06, 0.04, -0.13, 0.13, 112.25, -40.75, -81.62, -0.42, -0.64, 0.17, 0.62
21:15:06, 635058375, 1.62, -0.25, -11.31, 0.07, -0.02, 0.10, 112.94, -41.44, -81.62, -0.41, -0.65, 0.17, 0.62
21:15:06, 703146192, 1.06, -0.69, -11.69, 0.01, 0.04, 0.06, 113.75, -42.12, -81.56, -0.41, -0.65, 0.17, 0.62
21:15:06, 767285192, 0.69, -0.81, -19.06, 0.03, 0.25, 0.13, 114.81, -43.12, -81.44, -0.40, -0.65, 0.16, 0.63
21:15:06, 835106162, 0.00, -1.06, -14.56, -0.10, 0.21, 0.14, 116.00, -44.25, -81.19, -0.39, -0.65, 0.15, 0.63
21:15:06, 903800635, -0.25, -1.94, -5.31, -0.04, 0.10, 0.15, 116.38, -44.50, -81.00, -0.39, -0.65, 0.15, 0.63
21:15:06, 966857303, 0.00, -2.00, -7.38, 0.30, 0.08, 0.21, 116.94, -44.94, -80.69, -0.39, -0.65, 0.15, 0.64
21:15:07, 035077915, -0.06, -1.44, -7.75, 0.30, -0.03, 0.12, 117.50, -45.38, -80.38, -0.39, -0.65, 0.15, 0.64
21:15:07, 103633909, 0.44, -0.44, -11.19, 0.22, -0.14, 0.08, 118.06, -45.88, -80.19, -0.38, -0.65, 0.15, 0.64
21:15:07, 167892573, 0.44, -0.06, -14.44, 0.21, -0.05, 0.12, 118.75, -46.62, -80.06, -0.38, -0.65, 0.14, 0.64
21:15:07, 234934521, 0.31, -0.12, -19.62, 0.26, 0.00, 0.04, 120.06, -47.88, -79.75, -0.37, -0.65, 0.13, 0.65
21:15:07, 304161391, -0.06, 0.12, -22.31, 0.16, -0.02, 0.15, 121.19, -48.94, -79.50, -0.37, -0.65, 0.13, 0.65
21:15:07, 367757383, 0.00, 0.75, -23.94, 0.20, 0.00, 0.12, 122.75, -50.50, -79.12, -0.36, -0.65, 0.12, 0.66
21:15:07, 435058548, -0.31, 1.00, -16.88, 0.01, -0.03, 0.19, 123.88, -51.62, -78.81, -0.35, -0.65, 0.11, 0.66
21:15:07, 503536469, -0.19, 1.00, -12.06, 0.15, 0.03, 0.14, 124.56, -52.31, -78.69, -0.35, -0.65, 0.11, 0.66
21:15:07, 566780856, 0.06, 0.50, -6.75, 0.10, -0.05, 0.18, 125.25, -53.06, -78.50, -0.34, 1.34, 0.10, 0.66
21:15:07, 634496328, 0.06, 0.12, -15.56, 0.00, -0.07, 0.17, 126.12, -53.94, -78.19, -0.34, -0.66, 0.10, 0.67
21:15:07, 703267263, 0.38, -0.44, -21.06, 0.06, -0.09, 0.16, 127.25, -55.00, -77.88, -0.33, -0.66, 0.09, 0.67
21:15:07, 766778089, 0.81, -0.44, -17.50, 0.01, 0.03, 0.15, 128.50, -56.25, -77.44, -0.32, -0.66, 0.09, 0.67
21:15:07, 834242251, 0.69, -0.62, -11.94, 0.04, 0.00, 0.13, 129.50, -57.19, -77.06, -0.32, -0.66, 0.08, 0.68
21:15:07, 902929872, 0.88, -1.06, -16.44, 0.04, -0.07, 0.15, 130.38, -57.88, -76.69, -0.31, -0.66, 0.08, 0.68
21:15:07, 966927005, 1.06, -1.50, -15.06, 0.12, -0.04, 0.10, 131.56, -58.94, -76.12, -0.31, -0.66, 0.07, 0.68
21:15:08, 034826862, 1.06, -1.06, -15.12, 0.19, 0.00, 0.14, 132.62, -59.88, -75.62, -0.30, -0.66, 0.07, 0.69
21:15:08, 102813274, 1.25, -0.44, -13.25, 0.19, -0.02, 0.13, 133.56, -60.69, -75.12, -0.29, -0.66, 0.06, 0.69
21:15:08, 167344749, 1.12, 0.19, -10.00, 0.30, -0.02, 0.14, 134.44, -61.44, -74.81, -0.29, -0.66, 0.06, 0.69
21:15:08, 234273568, 1.19, 0.38, -13.88, 0.21, 0.00, 0.07, 135.25, -62.12, -74.44, -0.29, -0.66, 0.05, 0.69
21:15:08, 303152649, 0.75, 1.12, -15.19, 0.10, 0.00, 0.14, 136.12, -62.94, -74.06, -0.28, -0.66, 0.05, 0.70
21:15:08, 366899360, 0.38, 0.88, -24.50, -0.04, 0.02, 0.13, 137.38, -64.12, -73.44, -0.27, -0.66, 0.04, 0.70
21:15:08, 434329467, 0.00, 0.62, -16.19, 0.00, 0.07, 0.08, 138.69, -65.44, -72.62, -0.26, -0.66, 0.03, 0.70
21:15:08, 503781982, -0.38, 0.44, -14.19, 0.04, 0.06, 0.11, 139.50, -66.25, -72.00, -0.26, -0.66, 0.03, 0.70
21:15:08, 566657505, -0.38, -0.44, -21.88, 0.11, 0.11, 0.16, 140.75, -67.38, -71.06, -0.25, -0.66, 0.02, 0.71
21:15:08, 633849228, -0.56, -1.12, -32.19, -0.02, -0.16, 0.22, 142.56, -69.06, -69.25, -0.24, -0.66, 0.01, 0.71
21:15:08, 704089913, -0.31, -1.31, -17.75, 0.02, -0.10, 0.05, 143.75, -70.12, -67.88, -0.23, -0.66, 0.00, 0.71
21:15:08, 766743959, -0.25, -1.31, -8.31, 0.16, -0.01, 0.15, 144.69, -70.94, -66.56, -0.23, -0.66, -0.00, 0.72
21:15:08, 835464042, -0.38, -0.75, -13.56, 0.23, 0.00, 0.15, 145.31, -71.44, -65.56, -0.22, -0.66, -0.00, 0.72
21:15:08, 903459861, -0.50, -0.50, -9.94, 0.07, 0.08, 0.08, 145.94, -72.00, -64.56, -0.22, -0.66, -0.01, 0.72
21:15:08, 967106537, -0.81, -0.44, -15.25, 0.02, 0.06, 0.21, 146.75, -72.75, -63.25, -0.21, -0.66, -0.01, 0.72
21:15:09, 047961863, -0.56, -0.94, -11.25, 0.15, 0.00, 0.11, 147.62, -73.50, -61.75, -0.21, -0.66, -0.02, 0.72
21:15:09, 104875865, -0.38, -1.25, -14.81, 0.20, -0.01, 0.16, 148.44, -74.19, -60.06, -0.20, -0.66, -0.02, 0.73
21:15:09, 168306971, 0.06, -1.12, -14.81, 0.11, 0.05, 0.17, 149.38, -74.88, -57.94, -0.20, -0.66, -0.03, 0.73
21:15:09, 235544044, -0.31, -0.88, -16.62, 0.29, 0.10, 0.13, 150.38, -75.62, -55.50, -0.19, -0.65, -0.03, 0.73
21:15:09, 303035872, -0.50, -0.12, -24.00, 0.28, -0.01, 0.09, 151.69, -76.69, -52.12, -0.18, -0.65, -0.04, 0.73
21:15:09, 368317204, -0.56, 0.44, -21.12, 0.16, -0.03, 0.10, 153.19, -77.81, -47.75, -0.18, -0.65, -0.05, 0.73
21:15:09, 435470186, -0.25, 0.50, -20.38, 0.09, -0.10, 0.13, 154.56, -78.81, -42.75, -0.17, -0.65, -0.06, 0.74
21:15:09, 503353822, 0.00, 0.06, -11.56, 0.06, -0.03, 0.10, 155.50, -79.44, -38.94, -0.16, -0.65, -0.06, 0.74
21:15:09, 567849112, 0.44, -0.25, -11.56, 0.02, -0.04, 0.15, 156.38, -79.94, -35.25, -0.15, -0.65, -0.07, 0.74
21:15:09, 635814876, 0.38, -0.44, -12.94, -0.02, -0.17, 0.04, 157.12, -80.31, -31.50, -0.15, -0.65, -0.07, 0.74
21:15:09, 704673605, 0.69, -1.00, -21.94, 0.06, -0.06, 0.13, 158.19, -80.81, -25.81, -0.14, -0.65, -0.08, 0.74
21:15:09, 767738180, 0.31, -1.50, -30.06, 0.06, -0.01, 0.11, 160.19, -81.31, -13.75, -0.13, -0.65, -0.09, 0.75
21:15:09, 834361154, 0.25, -1.31, -29.50, 0.36, 0.30, 0.09, 162.12, -81.44, -1.06, -0.12, -0.65, -0.10, 0.75
21:15:09, 902643560, 0.06, -0.31, -22.94, 0.37, 0.16, 0.17, 163.69, -81.31, 9.00, -0.11, -0.64, -0.11, 0.75
21:15:09, 967026704, 0.25, -0.06, -14.94, 0.07, -0.10, 0.12, 165.06, -80.94, 17.69, -0.10, -0.64, -0.12, 0.75
21:15:10, 033381016, 1.12, 0.06, -16.00, 0.07, -0.10, 0.06, 166.06, -80.62, 23.19, -0.09, -0.64, -0.12, 0.75
21:15:10, 103203357, 1.44, 0.12, -14.06, 0.20, -0.02, 0.10, 167.12, -80.12, 28.50, -0.08, -0.64, -0.13, 0.75
21:15:10, 168912329, 1.69, 0.38, -12.00, 0.18, 0.04, 0.10, 168.00, -79.75, 32.19, -0.08, -0.64, -0.13, 0.75
21:15:10, 235611282, 1.31, 0.31, -9.69, 0.24, 0.14, 0.10, 168.81, -79.31, 35.19, -0.07, -0.64, -0.13, 0.76
21:15:10, 302984557, 0.69, 0.38, -22.06, 0.25, 0.35, 0.14, 169.69, -78.81, 38.50, -0.07, -0.64, -0.14, 0.76
21:15:10, 367418663, -0.19, 0.94, -24.44, 0.16, 0.21, 0.12, 171.50, -77.62, 44.88, -0.06, -0.63, -0.15, 0.76
21:15:10, 435380742, -0.44, 0.75, -19.38, 0.05, 0.08, 0.10, 172.75, -76.69, 48.81, -0.05, -0.63, -0.15, 0.76
21:15:10, 504099807, -0.38, -0.06, -12.38, 0.04, 0.00, 0.11, 173.75, -75.94, 51.38, -0.04, -0.63, -0.16, 0.76
21:15:10, 567163345, -0.25, -0.75, -20.31, 0.01, -0.03, 0.04, 174.75, -75.19, 53.62, -0.03, -0.63, -0.16, 0.76
21:15:10, 632864169, -0.31, -0.94, -22.19, 0.12, 0.30, 0.09, 176.00, -74.06, 56.06, -0.03, -0.63, -0.17, 0.76
21:15:10, 701758453, -0.88, -1.19, -32.56, 0.16, 0.20, 0.17, 178.00, -72.31, 59.38, -0.01, -0.62, -0.18, 0.76
21:15:10, 766857491, -0.81, -1.69, -28.12, 0.13, -0.04, 0.14, 179.75, -70.69, 61.94, -0.00, -0.62, -0.19, 0.76
21:15:10, 835133194, 0.00, -2.12, -19.06, 0.23, 0.07, -0.04, 181.12, -69.31, 63.44, 0.01, -0.62, -0.20, 0.76
21:15:10, 901929220, 0.00, -1.94, -34.56, 0.28, -0.23, 0.09, 182.94, -67.56, 65.12, 0.02, -0.61, -0.21, 0.76
21:15:10, 980106687, -0.12, -1.69, -8.00, 0.24, 0.16, 0.03, 184.19, -66.38, 66.00, 0.03, -0.61, -0.22, 0.76
21:15:11, 035256110, 0.12, -1.00, -17.94, 0.29, 0.01, 0.07, 184.69, -65.88, 66.31, 0.03, -0.61, -0.22, 0.76
21:15:11, 103952787, -0.12, -0.69, -26.31, 0.20, 0.01, 0.13, 186.44, -64.19, 67.69, 0.04, -0.60, -0.23, 0.76
21:15:11, 167391337, 0.06, 0.31, -16.88, 0.07, 0.30, 0.01, 187.69, -63.06, 68.56, 0.05, -0.60, -0.24, 0.76
21:15:11, 235205085, 0.81, -0.12, -16.31, 0.24, -0.01, -0.01, 188.94, -61.88, 69.44, 0.06, -0.60, -0.24, 0.76
21:15:11, 308637990, 1.06, 0.31, -12.69, 0.27, 0.27, -0.05, 189.81, -61.06, 69.88, 0.07, -0.60, -0.25, 0.76
21:15:11, 367801896, 1.12, -0.50, -39.25, 0.26, 0.10, -0.03, 191.69, -59.38, 70.81, 0.08, -0.59, -0.26, 0.76
21:15:11, 435044802, 0.81, -1.00, -46.75, 0.13, 0.14, 0.06, 194.62, -56.62, 72.19, 0.10, -0.59, -0.27, 0.76
21:15:11, 502476650, 0.75, -1.62, -38.56, 0.02, 0.42, 0.00, 197.38, -54.00, 73.19, 0.12, -0.58, -0.28, 0.76
21:15:11, 566232120, 0.69, -1.81, -31.06, 0.36, 0.15, 0.06, 199.12, -52.25, 73.69, 0.13, -0.57, -0.29, 0.75
21:15:11, 637162534, 0.50, -1.81, -28.62, 0.11, 0.03, 0.03, 201.00, -50.31, 74.25, 0.14, -0.57, -0.30, 0.75
21:15:11, 704281110, 1.00, -1.81, -24.44, 0.30, 0.16, 0.01, 202.75, -48.62, 74.56, 0.15, -0.56, -0.31, 0.75
21:15:11, 767540367, 1.31, -1.56, -16.88, 0.33, 0.19, -0.03, 203.81, -47.56, 74.75, 0.16, -0.56, -0.32, 0.75
21:15:11, 835882105, 1.44, -1.06, -17.56, 0.35, 0.17, 0.00, 205.00, -46.38, 74.88, 0.17, -0.55, -0.32, 0.75
21:15:11, 900743722, 1.19, -0.56, -12.75, 0.20, 0.29, -0.03, 206.00, -45.44, 75.00, 0.17, -0.55, -0.32, 0.75
21:15:11, 966551007, 1.25, -0.56, -16.31, 0.25, 0.17, -0.05, 207.12, -44.44, 75.19, 0.18, -0.55, -0.33, 0.75
21:15:12, 033959207, 1.38, -1.06, -19.19, 0.18, 0.06, -0.04, 208.25, -43.31, 75.31, 0.19, -0.54, -0.33, 0.75
21:15:12, 100587106, 1.31, -1.31, -14.25, 0.24, 0.29, -0.06, 209.31, -42.31, 75.38, 0.19, -0.54, -0.34, 0.74
21:15:12, 166354336, 0.94, -1.50, -18.81, 0.26, 0.39, 0.03, 210.38, -41.25, 75.50, 0.20, -0.54, -0.34, 0.74
21:15:12, 235159677, 0.31, -0.88, -24.50, 0.25, 0.34, -0.05, 211.81, -39.75, 75.69, 0.21, -0.53, -0.35, 0.74
21:15:12, 300880556, -0.06, -0.50, -21.44, 0.39, 0.34, -0.02, 213.25, -38.38, 75.94, 0.22, -0.53, -0.36, 0.74
21:15:12, 369308349, 0.00, 0.31, -17.06, 0.25, 0.19, -0.09, 214.06, -37.56, 76.12, 0.23, -0.52, -0.36, 0.74
21:15:12, 435446609, 0.56, 0.81, -13.06, 0.19, 0.27, -0.05, 215.06, -36.62, 76.31, 0.23, -0.52, -0.37, 0.74
21:15:12, 501113655, 0.88, 0.56, -10.75, 0.18, 0.25, -0.06, 215.88, -35.88, 76.44, 0.24, -0.52, -0.37, 0.73
21:15:12, 566823553, 1.19, 0.44, -24.38, 0.01, 0.30, -0.08, 216.62, -35.25, 76.50, 0.24, -0.52, -0.37, 0.73
21:15:12, 634460027, 0.94, -0.50, -22.81, 0.09, 0.26, -0.02, 218.00, -33.94, 76.62, 0.25, -0.51, -0.38, 0.73
21:15:12, 700449734, 0.81, -0.88, -15.94, 0.19, 0.44, 0.01, 219.25, -32.69, 76.75, 0.26, -0.51, -0.38, 0.73
21:15:12, 766860748, -0.25, -0.50, -12.69, 0.19, 0.46, -0.09, 220.00, -31.94, 76.81, 0.26, -0.50, -0.39, 0.73
21:15:12, 835995158, -0.62, -0.88, -14.81, 0.28, 0.20, -0.11, 220.94, -30.94, 76.94, 0.27, -0.50, -0.39, 0.72
21:15:12, 900537002, -0.56, -0.56, -15.50, 0.08, 0.43, -0.13, 221.94, -29.94, 77.12, 0.28, -0.50, -0.39, 0.72
21:15:12, 966461933, -0.81, -0.75, -25.06, 0.06, 0.31, -0.05, 223.12, -28.81, 77.25, 0.28, -0.49, -0.40, 0.72
21:15:13, 036589899, -0.81, -0.69, -9.19, 0.22, 0.32, -0.09, 224.19, -27.69, 77.44, 0.29, -0.49, -0.41, 0.72
21:15:13, 100775768, -0.31, -0.81, -16.75, 0.17, 0.30, -0.08, 225.12, -26.69, 77.56, 0.30, -0.49, -0.41, 0.71
21:15:13, 166324873, -0.38, -1.12, -17.62, 0.09, 0.40, -0.12, 226.06, -25.69, 77.62, 0.30, -0.48, -0.41, 0.71
21:15:13, 235894552, -0.75, -1.44, -13.38, 0.02, 0.29, -0.08, 227.06, -24.62, 77.69, 0.31, -0.48, -0.42, 0.71
21:15:13, 302953943, -1.06, -1.56, -23.19, 0.08, 0.32, -0.05, 228.25, -23.38, 77.81, 0.32, -0.47, -0.42, 0.70
21:15:13, 365841207, -1.19, -1.94, -26.06, 0.10, 0.31, -0.05, 229.56, -21.94, 77.94, 0.32, -0.47, -0.43, 0.70
21:15:13, 435824953, -1.31, -1.69, -22.50, 0.05, 0.36, -0.05, 230.94, -20.44, 78.12, 0.33, -0.46, -0.44, 0.70
21:15:13, 499746920, -1.81, -2.06, -17.88, 0.13, 0.29, -0.09, 232.25, -19.00, 78.31, 0.34, -0.45, -0.45, 0.69
21:15:13, 569019179, -2.44, -2.06, -21.06, -0.04, 0.30, -0.13, 233.25, -17.94, 78.44, 0.35, -0.45, -0.45, 0.69
21:15:13, 635857685, -1.81, -1.31, -18.31, 0.08, 0.00, -0.15, 234.38, -16.69, 78.62, 0.35, -0.44, -0.46, 0.69
21:15:13, 699613896, -0.81, -0.94, -16.88, -0.10, 0.16, -0.17, 235.56, -15.38, 78.81, 0.36, -0.44, -0.46, 0.68
21:15:13, 766818230, -0.06, -1.06, -16.44, -0.06, 0.23, -0.15, 236.31, -14.56, 78.88, 0.36, -0.43, -0.47, 0.68
21:15:13, 837569850, 0.06, -1.19, -17.50, 0.13, 0.32, -0.13, 237.44, -13.38, 78.94, 0.37, -0.43, -0.47, 0.67
21:15:13, 899416559, -0.31, -1.06, -20.75, -0.06, 0.45, -0.11, 238.56, -12.19, 78.94, 0.38, -0.42, -0.48, 0.67
21:15:13, 966118290, -1.12, -0.69, -14.94, 0.10, 0.36, -0.11, 239.62, -11.12, 79.06, 0.38, -0.42, -0.48, 0.67
21:15:14, 035111702, -1.69, -0.25, -11.94, 0.18, 0.23, -0.14, 240.50, -10.25, 79.19, 0.39, -0.42, -0.48, 0.66
21:15:14, 100701676, -1.69, 0.06, -15.75, 0.00, 0.19, -0.15, 241.50, -9.25, 79.38, 0.39, -0.41, -0.49, 0.66
21:15:14, 170653793, -1.19, -0.25, -21.31, -0.01, 0.15, -0.17, 242.75, -8.00, 79.50, 0.40, -0.41, -0.49, 0.66
21:15:14, 235542668, -0.69, -0.88, -17.19, 0.03, -0.02, -0.23, 243.81, -6.94, 79.62, 0.41, -0.40, -0.50, 0.65
21:15:14, 299123364, 0.50, -1.25, -16.75, -0.01, 0.10, -0.20, 245.06, -5.69, 79.69, 0.41, -0.40, -0.50, 0.65
21:15:14, 366481620, 1.75, -1.75, -19.12, -0.05, 0.23, -0.13, 245.94, -4.69, 79.62, 0.42, -0.39, -0.51, 0.64
21:15:14, 436041189, 2.06, -2.38, -23.25, 0.00, 0.23, -0.22, 247.19, -3.38, 79.56, 0.43, -0.38, -0.51, 0.64
21:15:14, 498872824, 1.25, -2.75, -19.50, -0.11, 0.57, -0.25, 248.25, -2.19, 79.44, 0.43, -0.38, -0.51, 0.64
21:15:14, 566736052, 0.50, -2.88, -18.50, 0.05, 0.56, -0.15, 249.25, -1.00, 79.44, 0.44, -0.37, -0.52, 0.63
21:15:14, 634966941, -0.25, -2.31, -20.25, 0.16, 0.41, -0.23, 250.31, 0.19, 79.44, 0.44, -0.37, -0.52, 0.63
21:15:14, 699301864, -0.94, -1.62, -13.00, 0.12, 0.48, -0.28, 251.31, 1.31, 79.44, 0.45, -0.36, -0.53, 0.62
21:15:14, 766224536, -1.44, -1.38, -23.12, -0.07, 0.45, -0.19, 252.50, 2.56, 79.56, 0.46, -0.35, -0.53, 0.62
21:15:14, 834890509, -1.25, -1.38, -14.75, 0.09, 0.16, -0.28, 253.56, 3.69, 79.69, 0.46, -0.35, -0.54, 0.61
21:15:14, 899387984, -0.56, -0.31, -14.69, -0.07, 0.15, -0.24, 254.38, 4.50, 79.75, 0.46, -0.35, -0.54, 0.61
21:15:14, 966652409, 0.12, -0.19, -15.31, -0.02, 0.12, -1.34, 255.31, 5.44, 79.81, 0.47, -0.34, -0.54, 0.61
21:15:15, 035069128, 1.06, 0.19, -17.69, -0.01, 0.26, -0.19, 256.06, 6.19, 79.75, 0.47, -0.34, -0.55, 0.60
21:15:15, 098607639, 1.12, 0.12, -11.81, -0.07, 0.35, -0.17, 257.12, 7.31, 79.69, 0.48, -0.33, -0.55, 0.60
21:15:15, 166085634, 1.25, -0.38, -18.94, -0.13, 0.45, -0.22, 257.94, 8.06, 79.62, 0.48, -0.33, -0.55, 0.60
21:15:15, 235783792, 1.00, -1.06, -19.38, 0.00, 0.34, -0.27, 259.19, 9.31, 79.56, 0.49, -0.32, -0.56, 0.59
21:15:15, 298794850, 1.12, -0.81, -21.62, 0.05, 0.52, -0.16, 260.62, 10.88, 79.44, 0.50, -0.31, -0.56, 0.59
21:15:15, 366307604, 0.94, -0.62, -16.00, 0.05, 0.36, -0.29, 261.75, 12.00, 79.38, 0.50, -0.31, -0.56, 0.58
21:15:15, 436146686, 0.81, 0.81, -0.25, 0.01, 0.51, -0.33, 262.19, 12.44, 79.38, 0.51, -0.30, -0.56, 0.58
21:15:15, 498903044, 0.12, 0.69, -11.88, -0.08, 0.51, -0.18, 262.88, 13.06, 79.38, 0.51, -0.30, -0.56, 0.58
21:15:15, 565878141, -0.19, 1.19, -7.06, 0.05, 0.42, -0.24, 263.25, 13.38, 79.38, 0.51, -0.30, -0.57, 0.57
21:15:15, 636795407, -0.25, 1.25, -11.62, -0.05, 0.48, -0.15, 264.12, 14.19, 79.38, 0.51, -0.30, -0.57, 0.57
21:15:15, 698983295, -0.12, 0.81, -14.38, -0.06, 0.40, -0.23, 264.88, 14.81, 79.38, 0.52, -0.29, -0.57, 0.57
21:15:15, 765688600, 0.19, 0.56, -13.00, -0.28, 0.29, -0.25, 265.69, 15.56, 79.31, 0.52, -0.29, -0.57, 0.56
21:15:15, 835154725, 0.62, -0.31, -14.44, -0.16, 0.39, -0.20, 266.75, 16.69, 79.31, 0.53, -0.28, -0.57, 0.56
21:15:15, 899597257, 0.31, -1.06, -15.44, -0.21, 0.40, -0.23, 267.62, 17.56, 79.25, 0.53, -0.28, -0.58, 0.55
21:15:15, 969155640, -0.06, -0.44, -2.69, 0.04, 0.43, -0.24, 268.19, 18.12, 79.25, 0.53, -0.28, -0.58, 0.55
21:15:16, 034794447, -0.12, 0.12, -1.69, 0.07, 0.31, -0.26, 268.44, 18.38, 79.31, 0.53, -0.28, -0.58, 0.55
21:15:16, 099204553, -0.12, 0.56, -5.31, -0.15, 0.52, -0.25, 268.69, 18.62, 79.31, 0.54, -0.28, -0.58, 0.55
21:15:16, 165754935, -0.69, 0.44, -3.56, 0.02, 0.46, -0.20, 269.00, 18.94, 79.31, 0.54, -0.27, -0.58, 0.55
21:15:16, 235237005, -1.12, -0.19, -14.75, -0.13, 0.26, -0.12, 269.75, 19.69, 79.38, 0.54, -0.27, -0.58, 0.54
21:15:16, 299096770, -0.69, 0.12, -7.56, -0.20, 0.40, -0.27, 270.12, 20.00, 79.44, 0.54, -0.27, -0.58, 0.54
21:15:16, 366065885, -0.75, 0.56, -0.12, -0.11, 0.34, -0.24, 270.38, 20.25, 79.50, 0.54, -0.27, -0.59, 0.54
21:15:16, 435070204, -0.38, 0.44, -4.19, -0.06, 0.29, -0.18, 270.56, 20.44, 79.56, 0.54, -0.27, -0.59, 0.54
21:15:16, 498863174, -0.12, 0.50, 0.19, -0.16, 0.23, -0.23, 270.62, 20.50, 79.62, 0.54, -0.27, -0.58, 0.54
21:15:16, 566747606, 0.44, 0.88, 4.00, -0.07, 0.31, -0.22, 270.56, 20.44, 79.62, 0.54, -0.27, -0.59, 0.54
21:15:16, 634674241, 0.50, 0.81, 3.56, -0.30, 0.43, -0.18, 270.38, 20.25, 79.69, 0.54, -0.27, -0.59, 0.54
21:15:16, 699003830, 0.06, 0.38, 2.94, -0.10, 0.47, -0.18, 270.31, 20.12, 79.69, 0.54, -0.27, -0.59, 0.54
21:15:16, 765843837, -0.50, 0.31, 5.50, -0.18, 0.47, -0.26, 270.00, 19.81, 79.75, 0.54, -0.27, -0.59, 0.54
21:15:16, 835767399, -0.69, 0.44, 7.00, -0.18, 0.33, -0.23, 269.69, 19.50, 79.81, 0.54, -0.27, -0.58, 0.54
21:15:16, 901006342, -0.31, 0.88, 8.31, 0.00, 0.26, -0.14, 269.19, 19.00, 79.94, 0.54, -0.28, -0.58, 0.54
21:15:16, 965956235, 0.38, 1.38, 12.75, -0.07, 0.15, -0.21, 268.31, 18.00, 80.00, 0.53, -0.28, -0.58, 0.55
21:15:17, 036255327, 1.25, 1.69, 11.88, -0.19, 0.30, -0.17, 267.75, 17.38, 80.00, 0.53, -0.29, -0.58, 0.55
21:15:17, 098615637, 1.19, 1.38, 7.50, -0.18, 0.48, -0.09, 267.19, 16.75, 79.94, 0.53, -0.29, -0.58, 0.55
21:15:17, 166850137, 0.12, 1.06, 12.94, -0.15, 0.43, -0.18, 266.38, 15.88, 79.94, 0.52, -0.29, -0.57, 0.56
21:15:17, 234334132, -0.50, 1.44, 13.81, -0.13, 0.50, -0.23, 265.81, 15.25, 79.94, 0.52, -0.30, -0.57, 0.56
21:15:17, 299295821, -0.75, 1.25, 14.31, -0.25, 0.47, -0.24, 264.81, 14.19, 80.00, 0.52, -0.30, -0.57, 0.56
21:15:17, 367815426, -1.25, 1.00, 15.25, -0.10, 0.32, -0.13, 263.88, 13.19, 80.12, 0.51, -0.31, -0.57, 0.57
21:15:17, 435778968, -1.06, 0.94, 18.81, -0.30, 0.34, -0.16, 262.62, 11.88, 80.25, 0.50, -0.32, -0.56, 0.57
21:15:17, 503099985, -0.88, 0.50, 19.00, -0.10, 0.46, -0.06, 261.69, 10.94, 80.38, 0.50, -0.32, -0.56, 0.58
21:15:17, 567471906, -1.19, 9.00, 20.31, 0.02, 0.32, -0.18, 260.31, 9.50, 80.50, 0.49, -0.33, -0.56, 0.58
21:15:17, 634999308, -1.00, 1.56, 17.44, -0.08, 0.46, -0.11, 259.44, 8.56, 80.56, 0.49, -0.33, -0.55, 0.59
21:15:17, 700500524, -1.19, 1.75, 16.50, -0.14, 0.33, -0.14, 258.38, 7.38, 80.69, 0.48, -0.34, -0.55, 0.59
21:15:17, 766626618, -0.81, 1.50, 13.69, -0.17, 0.25, -0.13, 257.38, 6.31, 80.75, 0.48, -0.35, -0.55, 0.59
21:15:17, 837684344, -0.44, 1.25, 14.06, -0.06, 1.53, -0.09, 256.75, 5.56, 80.75, 0.47, -0.35, -0.55, 0.60
21:15:17, 899712457, 0.19, 0.94, 14.25, -0.12, 0.14, -0.13, 255.69, 4.44, 80.81, 0.47, -0.36, -0.54, 0.60
21:15:17, 965621110, 1.31, 1.06, 15.31, -0.19, 0.32, -0.14, 254.94, 3.62, 80.75, 0.46, -0.36, -0.54, 0.60
21:15:18, 034135031, 1.62, 0.81, 10.00, -0.08, 0.36, -0.17, 254.12, 2.81, 80.69, 0.46, -0.36, -0.54, 0.61
21:15:18, 099854410, 1.44, 1.25, 17.81, -0.07, 0.49, -0.11, 253.19, 1.81, 80.62, 0.45, -0.37, -0.53, 0.61
21:15:18, 166755508, 0.62, 1.19, 17.38, -0.02, 0.43, -0.07, 252.19, 0.69, 80.56, 0.45, -0.37, -0.53, 0.62
21:15:18, 237343909, 0.25, 1.25, 22.69, -0.07, 0.39, -0.18, 250.94, -0.56, 80.56, 0.44, -0.38, -0.52, 0.62
21:15:18, 298912827, 0.06, 1.19, 22.62, -0.09, 0.41, -0.09, 249.75, -1.75, 80.56, 0.44, -0.39, -0.52, 0.63
21:15:18, 368479228, 0.44, 1.31, 25.19, -0.20, 0.27, -0.09, 248.12, -3.50, 80.56, 0.43, -0.40, -0.51, 0.63
21:15:18, 434779911, 0.94, 1.38, 23.94, -0.06, 0.26, -0.14, 246.44, -5.19, 80.50, 0.42, -0.40, -0.51, 0.64
21:15:18, 498828895, 1.12, 0.94, 21.44, -0.29, 0.35, -0.06, 245.25, -6.50, 80.44, 0.41, -0.41, -0.50, 0.64
21:15:18, 565898730, 1.38, 0.25, 19.81, -0.15, 0.30, -0.05, 243.88, -7.88, 80.31, 0.40, -0.41, -0.49, 0.65
21:15:18, 633478650, 1.50, 0.31, 22.06, -0.11, 0.26, -0.15, 242.62, -9.12, 80.19, 0.40, -0.42, -0.49, 0.65
21:15:18, 699243898, 1.38, 0.31, 18.12, -0.08, 0.35, -0.07, 241.38, -10.31, 80.06, 0.39, -0.42, -0.48, 0.66
21:15:18, 766410677, 1.12, 0.19, 15.31, -0.12, 0.42, -0.12, 240.19, -11.56, 79.94, 0.38, -0.43, -0.48, 0.66
21:15:18, 835946282, 0.44, -0.31, 15.19, -0.09, 0.38, -0.05, 239.19, -12.50, 79.88, 0.38, -0.43, -0.48, 0.67
21:15:18, 898909100, -0.31, -0.38, 13.56, -0.05, 0.30, -0.05, 238.31, -13.44, 79.88, 0.37, -0.44, -0.47, 0.67
21:15:18, 965502741, -0.31, -0.38, 8.38, -0.04, 0.25, -0.12, 237.62, -14.12, 79.81, 0.37, -0.44, -0.47, 0.67
21:15:19, 033772944, -0.31, -0.06, 7.56, -0.05, 0.31, -0.09, 237.12, -14.56, 79.81, 0.37, -0.44, -0.47, 0.67
21:15:19, 099282808, -0.50, 0.00, 12.44, -0.03, 0.31, -0.09, 236.44, 2032.69, 79.81, 0.36, -0.45, -0.46, 0.67
21:15:19, 164549732, -0.81, -0.12, 15.81, 0.01, 0.21, -0.05, 235.38, -16.31, 79.75, 0.36, -0.45, -0.46, 0.68
21:15:19, 233168688, -0.75, 0.31, 18.69, 0.06, 0.21, -0.12, 234.19, -17.50, 79.75, 0.35, -0.45, -0.46, 0.68
21:15:19, 298382391, -0.12, 0.81, 19.44, 0.02, 0.13, -0.11, 233.19, -18.50, 79.69, 0.34, -0.46, -0.45, 0.68
21:15:19, 365075123, 0.56, 1.12, 18.44, -0.05, 0.10, -0.13, 231.81, -19.94, 79.62, 0.33, -0.47, -0.45, 0.69
21:15:19, 437697561, 1.19, 1.12, 18.56, -0.08, 0.23, -0.05, 230.75, -21.06, 79.56, 0.33, -0.47, -0.44, 0.69
21:15:19, 498395513, 1.12, 0.81, 19.75, -0.13, 0.30, -0.03, 229.44, -22.44, 79.44, 0.32, -0.48, -0.43, 0.69
21:15:19, 565274463, 0.88, 0.38, 25.31, -0.05, 0.11, 0.03, 228.00, -23.94, 79.25, 0.31, -0.48, -0.43, 0.70
21:15:19, 632745218, 1.19, -0.06, 21.06, -0.08, 0.16, -0.02, 226.44, -25.50, 79.06, 0.30, -0.49, -0.42, 0.70
21:15:19, 698527910, 1.81, -0.31, 20.12, -0.11, 0.20, -1.41, 225.25, -26.69, 78.88, 0.29, -0.49, -0.42, 0.71
21:15:19, 764774242, 2.00, -0.75, 11.50, -0.05, 0.29, -0.03, 224.25, -27.69, 78.62, 0.29, -0.49, -0.41, 0.71
21:15:19, 833199480, 1.50, -0.62, 15.06, 0.07, 0.40, -0.10, 223.25, -28.75, 78.38, 0.28, -0.50, -0.40, 0.71
21:15:19, 901086412, 0.62, 0.06, 20.75, 0.10, 0.32, -0.08, 222.38, -29.62, 78.19, 0.28, -0.50, -0.39, 0.72
21:15:19, 964562146, 0.44, 0.44, 29.75, 0.14, 0.30, -0.11, 220.62, -31.31, 78.00, 0.27, -0.51, -0.39, 0.72
21:15:20, 032657723, 0.00, 1.12, 31.81, 0.14, 0.34, -0.04, 218.50, -33.44, 77.75, 0.25, -0.51, -0.38, 0.72
21:15:20, 097586727, -0.25, 2.12, 32.69, 0.11, 0.36, -0.09, 216.69, -35.31, 77.50, 0.24, -0.52, -0.37, 0.73
21:15:20, 165450271, -0.38, 3.00, 17.81, 0.05, 0.35, -0.03, 215.25, -36.88, 77.38, 0.23, -0.53, -0.37, 0.73
21:15:20, 232254833, -0.75, 3.25, 17.12, 0.09, 0.24, -0.01, 214.31, -37.94, 77.38, 0.23, -0.53, -0.36, 0.73
21:15:20, 297705958, -0.44, 3.44, 20.06, -0.06, 0.14, -0.09, 213.19, -39.25, 77.38, 0.22, -0.54, -0.36, 0.73
21:15:20, 364778720, 0.12, 3.38, 34.75, -0.04, -0.04, -0.06, 211.75, -40.81, 77.25, 0.21, -0.54, -0.35, 0.73
21:15:20, 432254455, 1.25, 2.81, 26.19, -0.06, 0.26, -0.03, 209.62, -43.06, 76.94, 0.20, -0.55, -0.34, 0.74
21:15:20, 500756821, 1.19, 2.06, 22.00, -0.10, 0.28, 0.00, 208.50, -44.25, 76.75, 0.19, -0.56, -0.33, 0.74
21:15:20, 564219833, 0.44, 1.81, 11.88, -0.02, 0.28, 0.03, 207.56, -45.38, 76.50, 0.18, -0.56, -0.32, 0.74
21:15:20, 632542591, -0.31, 1.75, 14.25, 0.00, 0.11, 0.00, 206.62, -46.38, 76.38, 0.18, -0.56, -0.32, 0.74
21:15:20, 698844311, -0.31, 2.00, 25.75, 0.17, 0.11, -0.05, 205.69, -47.38, 76.25, 0.17, -0.57, -0.31, 0.74
21:15:20, 767841538, 0.69, 2.69, 23.19, 0.09, -0.04, -0.04, 203.69, -49.50, 75.88, 0.16, -0.57, -0.30, 0.74
21:15:20, 831857373, 1.44, 2.69, 20.50, -0.02, 0.00, -0.03, 202.44, -50.81, 75.62, 0.15, -0.58, -0.29, 0.75
21:15:20, 898485421, 2.06, 2.25, 21.75, -0.13, 0.30, 0.00, 201.06, -52.38, 75.19, 0.14, -0.58, -0.29, 0.75
21:15:20, 964115913, 1.62, 1.69, 16.50, -0.03, 0.19, -0.05, 200.19, -53.44, 74.88, 0.13, -0.59, -0.28, 0.75
21:15:21, 031875366, 1.88, 2.00, 27.69, -0.09, 0.15, 0.00, 198.50, -55.19, 74.25, 0.12, -0.59, -0.27, 0.75
21:15:21, 097556875, 1.56, 1.56, 24.69, 0.01, 0.26, 0.02, 197.31, -56.44, 73.75, 0.11, -0.60, -0.26, 0.75
21:15:21, 164998019, 0.69, 1.50, 20.62, 0.02, 0.29, -0.04, 195.88, -58.00, 73.19, 0.10, -0.60, -0.25, 0.75
21:15:21, 231926116, -0.06, 9.25, 33.44, -0.02, 0.26, 0.01, 194.12, -59.75, 72.44, 0.09, -0.60, -0.24, 0.75
21:15:21, 297759419, -0.44, 1.38, 47.94, 0.04, 0.00, -0.01, 191.62, -62.19, 71.12, 0.08, -0.61, -0.23, 0.75
21:15:21, 367369153, -0.06, 1.06, 28.56, -0.07, 0.32, -0.05, 189.06, -64.69, 69.56, 0.06, -0.62, -0.22, 0.76
21:15:21, 431659614, -0.25, 0.75, 15.44, -0.07, 0.08, -0.03, 187.88, -65.75, 68.75, 0.05, -0.62, -0.21, 0.76
21:15:21, 498058684, -0.62, 0.62, 15.38, -0.09, 0.10, -0.06, 186.81, -66.81, 67.94, 0.05, -0.62, -0.20, 0.76
21:15:21, 565704009, -0.62, 0.44, 12.75, -0.06, 0.16, -0.02, 186.00, -67.56, 67.31, 0.04, -0.62, -0.20, 0.76
21:15:21, 633913398, -0.88, -0.44, 3.31, -0.02, -0.02, 0.03, 185.31, -68.12, 66.75, 0.04, -0.62, -0.20, 0.76
21:15:21, 697790052, -1.00, -0.50, 23.00, 0.00, 0.13, -0.02, 184.31, -69.06, 65.81, 0.03, -0.62, -0.19, 0.76
21:15:21, 765481358, -0.81, -0.81, 13.19, 0.06, -0.06, 0.00, 183.25, -69.88, 64.69, 0.02, -0.63, -0.19, 0.76
21:15:21, 832138497, -0.44, -1.25, 16.75, -0.03, -0.16, 0.01, 182.25, -70.75, 63.38, 0.01, -0.63, -0.18, 0.76
21:15:21, 898257369, 0.00, -1.38, 15.06, -0.07, 0.09, -0.01, 181.12, -71.69, 61.75, 0.01, -0.63, -0.18, 0.76
21:15:21, 965422129, 0.62, -1.19, 8.94, 0.05, 0.01, -0.02, 180.56, -72.12, 60.62, 0.00, -0.63, -0.17, 0.76
21:15:22, 031413818, 0.88, -0.75, 7.56, 0.09, 0.09, -0.04, 180.00, -72.56, 59.62, 0.00, -0.63, -0.17, 0.76
21:15:22, 097783388, 0.81, -0.25, 5.69, 0.19, 0.00, -0.07, 179.69, -72.88, 58.94, -0.00, -0.63, -0.17, 0.76
21:15:22, 166462158, 1.19, 0.06, -16.44, 0.16, -0.02, -0.01, 180.44, -72.31, 60.00, 0.00, -0.63, -0.17, 0.76
21:15:22, 231251498, 1.38, 0.56, -5.88, -0.07, -0.13, 0.01, 181.25, -71.69, 60.94, 0.01, -0.63, -0.17, 0.76
21:15:22, 297328259, 2.38, 0.19, -6.38, -0.02, -0.26, -0.09, 181.69, -71.38, 61.44, 0.01, -0.63, -0.18, 0.76
21:15:22, 367095676, 4.38, 0.50, -4.25, 0.13, -0.15, -0.13, 182.38, -71.00, 61.88, 0.02, -0.63, -0.18, 0.76
21:15:22, 431288045, 5.19, 1.56, -4.31, 0.16, 0.10, -0.01, 183.00, -70.69, 62.25, 0.02, -0.63, -0.18, 0.76
21:15:22, 498859557, 5.31, 2.31, -5.56, 0.25, 0.00, 0.06, 183.56, -70.50, 62.56, 0.02, -0.63, -0.18, 0.76
21:15:22, 565164740, 5.94, 3.62, -1.19, 0.20, -0.18, 0.05, 184.19, -70.38, 63.00, 0.03, -0.63, -0.17, 0.76
21:15:22, 631117763, 6.75, 4.19, -2.88, 0.19, -0.05, -0.01, 184.81, -70.31, 63.44, 0.03, -0.63, -0.17, 0.76
21:15:22, 698148470, 7.19, 4.50, 1.50, 0.07, 0.03, 0.09, 185.31, -70.31, 63.88, 0.04, -0.63, -0.17, 0.76
21:15:22, 766723834, 7.06, 4.44, -1.62, -0.04, -0.13, 0.03, 185.69, -70.56, 64.00, 0.04, -0.63, -0.17, 0.76
21:15:22, 830516970, 7.50, 4.38, 2.88, -0.10, 0.01, 0.00, 186.12, -70.69, 64.31, 0.04, -0.63, -0.16, 0.75
21:15:22, 898209980, 7.81, 3.88, -1.38, -0.12, 0.01, -0.01, 186.50, -70.88, 64.38, 0.04, -0.64, -0.16, 0.75
21:15:22, 966836973, 8.00, 3.19, 1.12, -0.13, -0.02, 0.01, 187.06, -70.94, 64.56, 0.05, -0.64, -0.16, 0.75
21:15:23, 030562425, 8.56, 2.69, -1.00, -0.08, -0.06, -0.03, 187.56, -71.00, 64.50, 0.05, -0.64, -0.15, 0.75
21:15:23, 097979569, 8.88, 2.25, 2.12, -0.16, -0.04, 0.04, 188.06, -71.06, 64.38, 0.05, -0.64, -0.15, 0.75
21:15:23, 167352511, 8.62, 1.62, 0.25, 0.00, 0.25, -0.03, 188.44, -71.25, 63.94, 0.06, -0.64, -0.14, 0.75
21:15:23, 231044205, 7.81, 1.56, -2.62, 0.13, 0.28, 0.00, 188.94, -71.31, 63.69, 0.06, -0.64, -0.14, 0.75
21:15:23, 297405035, 6.81, 1.62, -0.75, 0.02, 0.21, 0.00, 189.31, -71.38, 63.50, 0.06, -0.64, -0.14, 0.75
21:15:23, 366343300, 6.19, 2.06, -0.06, 0.04, 0.02, -0.03, 189.81, -71.31, 63.50, 0.06, -0.64, -0.13, 0.75
21:15:23, 430221749, 6.00, 1.75, -2.94, 0.06, -0.13, -0.09, 190.19, -71.38, 63.50, 0.07, -0.64, -0.13, 0.75
21:15:23, 497465489, 6.38, 1.50, 0.94, -0.02, 0.02, -0.01, 190.56, -71.38, 63.44, 0.07, -0.64, -0.13, 0.75
21:15:23, 566035446, 6.31, 1.50, 0.81, 0.00, 0.01, -0.01, 191.00, -71.38, 63.31, 0.07, -0.64, -0.13, 0.75
21:15:23, 630741399, 6.31, 1.00, -0.75, -0.08, 0.04, 0.00, 191.38, -71.38, 63.12, 0.08, -0.64, -0.12, 0.75
21:15:23, 698553869, 6.00, 1.06, 0.75, -0.09, 0.11, -0.09, 191.69, -71.50, 62.88, 0.08, -0.64, -0.12, 0.75
21:15:23, 766254546, 5.25, 0.75, -1.12, -0.08, 0.25, -0.07, 191.94, -71.56, 62.62, 0.08, -0.64, -0.12, 0.75
21:15:23, 830320751, 3.88, 0.25, 0.75, 0.03, 0.33, 0.01, 192.06, -71.69, 62.19, 0.08, -0.64, -0.12, 0.75
21:15:23, 897739599, 2.50, 0.00, -1.75, 0.03, 0.35, 0.00, 192.19, -71.69, 62.00, 0.08, -0.64, -0.11, 0.75
21:15:23, 966742381, 0.31, 0.19, 1.06, -0.04, 0.49, -0.01, 192.12, -71.88, 61.69, 0.08, -0.64, -0.11, 0.75
21:15:24, 031236190, -2.06, -0.56, -0.62, -0.07, 0.46, -0.02, 192.00, -71.94, 61.62, 0.08, -0.64, -0.11, 0.75
21:15:24, 099120844, -4.12, -1.38, -2.88, -0.17, 0.14, -0.08, 191.75, -72.00, 61.62, 0.08, -0.64, -0.11, 0.75
21:15:24, 166432990, -5.25, -2.00, 1.94, -0.19, 0.13, -0.05, 191.50, -71.94, 61.69, 0.08, -0.64, -0.12, 0.75
21:15:24, 232184591, -6.56, -2.62, -1.31, 0.00, 0.00, 0.01, 191.12, -71.81, 61.69, 0.07, -0.64, -0.12, 0.75
21:15:24, 297549254, -7.50, -3.06, -2.25, 0.02, 0.02, 0.01, 190.81, -71.69, 61.75, 0.07, -0.64, -0.12, 0.75
21:15:24, 366169173, -7.81, -3.12, -0.44, 0.04, -0.06, -0.02, 190.44, -71.50, 61.88, 0.07, -0.64, -0.13, 0.76
21:15:24, 430560428, -7.88, -3.62, -2.06, 0.03, -0.11, 0.01, 190.00, -71.31, 61.88, 0.07, -0.64, -0.13, 0.76
21:15:24, 497740706, -7.94, -4.12, -1.00, -0.08, 0.00, -0.04, 189.62, -71.12, 61.88, 0.06, -0.64, -0.14, 0.76
21:15:24, 566278589, -8.12, -4.00, -1.31, 0.06, 0.04, 0.01, 189.19, -70.94, 61.81, 0.06, -0.64, -0.14, 0.76
21:15:24, 631064374, -8.56, -3.81, -0.62, 0.08, 0.05, -0.06, 188.75, -70.69, 61.88, 0.06, -0.63, -0.14, 0.76
21:15:24, 697154857, -8.50, -3.56, -1.56, 0.04, -0.13, -0.01, 188.38, -70.56, 61.88, 0.06, -0.63, -0.15, 0.76
21:15:24, 765562243, -8.31, -3.31, 4.88, 0.17, 0.00, 0.06, 187.69, -70.56, 61.75, 0.05, -0.63, -0.15, 0.76
21:15:24, 831618949, -9.06, -2.94, -1.56, 0.14, 0.11, 0.00, 187.00, -70.62, 61.56, 0.05, -0.63, -0.15, 0.76
21:15:24, 897731413, -9.75, -2.62, 2.94, -0.01, 0.05, -0.03, 186.31, -70.69, 61.56, 0.04, -0.63, -0.16, 0.76
21:15:24, 967841194, -10.00, -2.44, 2.56, -0.03, -0.03, -0.19, 185.81, -70.62, 61.75, 0.04, -0.63, -0.16, 0.76
21:15:25, 030744902, -9.94, -2.56, -2.19, 0.11, 0.01, -0.02, 185.19, -70.56, 62.06, 0.03, -0.63, -0.16, 0.76
21:15:25, 097973753, -10.25, -1.62, 4.38, 0.15, 0.06, 0.02, 184.44, -70.62, 62.12, 0.03, -0.63, -0.17, 0.76
21:15:25, 166678096, -9.69, -1.44, -1.69, 0.00, -0.23, -0.04, 184.06, -70.44, 62.69, 0.03, -0.63, -0.17, 0.76
21:15:25, 231750709, -8.00, -1.50, -0.81, 0.03, -0.26, -0.04, 183.62, -70.31, 63.19, 0.02, -0.63, -0.18, 0.76
21:15:25, 296781008, -6.62, -1.62, 3.06, 0.01, -0.13, 0.00, 183.25, -70.31, 63.44, 0.02, -0.63, -0.18, 0.76
21:15:25, 366411631, -6.31, -1.25, 2.00, 0.18, 0.28, 0.01, 182.81, -70.31, 63.50, 0.02, -0.63, -0.18, 0.76
21:15:25, 432750535, -7.75, -0.56, 0.19, 0.07, 0.12, -0.02, 182.25, -70.44, 63.69, 0.01, -0.63, -0.19, 0.76
21:15:25, 496830611, -8.75, -0.25, 2.81, -0.08, 0.15, -0.12, 181.69, -70.56, 64.00, 0.01, -0.63, -0.19, 0.76
21:15:25, 566000353, -9.44, -0.94, -3.25, -0.12, 0.08, -0.05, 181.25, -70.50, 64.69, 0.01, -0.63, -0.19, 0.76
21:15:25, 634053745, -9.50, -2.25, -2.19, -0.26, 0.09, 0.00, 180.81, -70.38, 65.19, 0.01, -0.63, -0.20, 0.76
21:15:25, 697352353, -9.44, -3.81, -1.44, -0.32, -0.05, -0.02, 180.44, -70.12, 65.44, 0.00, -0.62, -0.20, 0.76
21:15:25, 774161771, -9.19, -4.12, 0.94, -0.04, 0.11, 0.05, 179.75, -70.06, 65.31, -0.00, -0.62, -0.21, 0.76
21:15:25, 833020108, -9.19, -4.19, 1.38, -0.04, 0.17, 0.06, 179.06, -70.06, 65.06, -0.01, -0.62, -0.21, 0.76
21:15:25, 897327883, -9.12, -4.69, -1.38, 0.07, -0.09, 0.00, 178.50, -69.94, 64.88, -0.01, -0.62, -0.21, 0.76
21:15:25, 965980134, -8.31, -4.31, -0.75, 0.11, -0.03, 0.05, 178.19, -69.69, 64.88, -0.01, -0.62, -0.22, 0.76
21:15:26, 031614181, -7.81, -3.44, -1.25, 0.23, 0.03, 0.00, 177.69, -69.50, 64.88, -0.02, -0.61, -0.22, 0.76
21:15:26, 097533279, -8.00, -2.31, 0.75, 0.17, 0.13, -0.03, 177.12, -69.50, 64.88, -0.02, -0.61, -0.22, 0.76
21:15:26, 165961257, -8.44, -1.31, 0.75, 0.30, 0.11, -0.05, 176.81, -69.38, 65.19, -0.02, -0.61, -0.23, 0.76
21:15:26, 232606434, -8.06, -1.00, -2.81, -0.02, -0.05, -0.12, 176.38, -69.31, 65.69, -0.02, -0.61, -0.23, 0.76
21:15:26, 297276980, -7.56, -0.94, -0.69, -0.02, 0.11, -0.08, 176.06, -69.19, 66.19, -0.03, -0.61, -0.24, 0.76
21:15:26, 365901917, -7.75, -0.31, 2.62, 0.04, 0.23, 0.00, 175.62, -69.19, 66.56, -0.03, -0.61, -0.24, 0.75
21:15:26, 435036363, -7.38, -1.69, -2.31, -0.03, -0.04, -0.11, 175.31, -69.06, 67.06, -0.03, -0.61, -0.24, 0.75
21:15:26, 496561744, -6.38, -2.19, -2.31, -0.11, -0.06, -0.03, 175.12, -68.88, 67.31, -0.03, -0.61, -0.25, 0.75
21:15:26, 565522694, -5.56, -2.25, 0.62, -0.03, -0.03, -0.01, 174.81, -68.75, 67.44, -0.03, -0.61, -0.25, 0.75
21:15:26, 633503069, -5.19, -2.12, 1.00, 0.10, 0.27, 0.03, 174.44, -68.75, 67.44, -0.04, -0.61, -0.25, 0.75
21:15:26, 696643828, -5.62, -2.06, 0.25, 0.12, 0.08, -0.02, 174.00, -68.75, 67.38, -0.04, -0.61, -0.25, 0.75
21:15:26, 772137103, -5.38, -2.00, 0.19, -0.05, -0.01, -0.08, 173.69, -68.75, 67.50, -0.04, -0.60, -0.26, 0.75
21:15:26, 833199511, -4.06, -1.81, -1.56, 0.00, -0.17, -0.04, 173.50, -68.56, 67.62, -0.04, -0.60, -0.26, 0.75
21:15:26, 896379696, -3.38, -1.81, 1.81, 0.01, 0.00, -0.01, 173.19, -68.62, 67.44, -0.04, -0.60, -0.26, 0.75
21:15:26, 965551938, -3.25, -1.50, 1.56, 0.07, 0.16, -0.03, 172.88, -68.69, 67.31, -0.05, -0.60, -0.26, 0.75
21:15:27, 033090432, -3.00, -1.75, -1.94, 0.02, 0.19, -0.03, 172.81, -68.56, 67.31, -0.05, -0.60, -0.26, 0.75
21:15:27, 097283783, -3.06, -1.56, -2.38, -0.07, -0.18, 0.06, 172.69, -68.44, 67.44, -0.05, -0.60, -0.26, 0.75
21:15:27, 166154901, -1.44, -1.44, -1.44, 0.13, -0.19, -0.01, 172.69, -68.25, 67.50, -0.05, -0.60, -0.26, 0.75
21:15:27, 233099480, -0.38, -1.06, -0.56, 0.11, -0.10, -0.03, 172.69, -68.19, 67.38, -0.05, -0.60, -0.27, 0.75
21:15:27, 296434717, 0.38, -0.50, -2.06, 0.09, 0.00, 0.00, 172.69, -68.12, 67.31, -0.05, -0.60, -0.27, 0.75
21:15:27, 367388408, 1.19, 0.31, -1.19, 0.11, -0.20, -0.02, 172.88, -68.06, 67.38, -0.05, -0.60, -0.27, 0.75
21:15:27, 434802774, 2.81, 1.44, 0.12, 0.17, -0.16, 0.00, 173.06, -67.94, 67.44, -0.05, -0.60, -0.27, 0.75
21:15:27, 496200750, 4.31, 1.81, -1.56, 0.10, -0.13, 0.00, 173.38, -67.94, 67.50, -0.04, -0.60, -0.26, 0.75
21:15:27, 564969685, 5.38, 2.75, 1.38, 0.16, -0.03, 0.02, 173.69, -68.00, 67.50, -0.04, -0.60, -0.26, 0.75
21:15:27, 634021096, 6.44, 3.38, -0.44, 0.17, 0.02, 0.00, 174.12, -68.00, 67.62, -0.04, -0.60, -0.26, 0.75
21:15:27, 696828361, 6.75, 3.81, -1.94, 0.03, -0.03, -0.04, 174.62, -68.06, 67.75, -0.04, -0.60, -0.26, 0.75
21:15:27, 765121619, 7.31, 3.81, -0.50, 0.02, 0.13, -0.08, 175.06, -68.12, 67.88, -0.03, -0.60, -0.25, 0.75
21:15:27, 833332471, 7.88, 4.44, -0.12, 0.08, -0.06, -0.02, 175.56, -68.19, 68.06, -0.03, -0.61, -0.25, 0.75
21:15:27, 897083960, 8.19, 5.50, -0.19, 0.16, 0.14, -0.03, 176.06, -68.44, 68.25, -0.03, -0.61, -0.25, 0.75
21:15:27, 964898004, 8.62, 5.69, -2.19, 0.02, -0.14, -0.08, 176.62, -68.44, 68.62, -0.02, -0.61, -0.24, 0.75
21:15:28, 033247780, 9.81, 5.25, 0.81, -0.17, -0.04, 0.01, 177.25, -68.56, 68.94, -0.02, -0.61, -0.24, 0.75
21:15:28, 096682349, 10.50, 3.81, 3.06, -0.30, -0.01, 0.02, 177.88, -68.75, 68.94, -0.01, -0.62, -0.24, 0.75
21:15:28, 164710408, 10.19, 2.62, -4.44, -0.17, 0.19, -0.07, 178.56, -68.81, 68.75, -0.01, -0.62, -0.23, 0.75
21:15:28, 233429584, 9.75, 2.25, -1.38, 0.03, 0.21, -0.06, 179.12, -68.81, 68.62, -0.00, -0.62, -0.23, 0.75
21:15:28, 297614176, 9.62, 2.44, -4.19, 0.04, 0.11, -0.10, 179.88, -68.75, 68.56, -0.00, -0.62, -0.22, 0.75
21:15:28, 364959192, 9.50, 3.75, -0.88, 0.27, 0.13, -0.04, 180.62, -68.69, 68.56, 0.00, -0.62, -0.22, 0.75
21:15:28, 433516093, 9.44, 4.94, -1.50, 0.17, 0.12, -0.10, 181.12, -68.81, 68.62, 0.01, -0.62, -0.22, 0.75
21:15:28, 496529966, 9.69, 5.56, 4.62, 0.00, 0.10, -0.06, 181.69, -69.00, 68.88, 0.01, -0.62, -0.21, 0.75
21:15:28, 564602098, 9.31, 5.00, -3.88, 0.01, 0.20, 0.00, 182.19, -69.19, 69.00, 0.02, -0.63, -0.21, 0.75
21:15:28, 632263053, 7.88, 4.94, 0.50, 0.09, 0.42, 0.08, 182.69, -69.38, 69.19, 0.02, -0.63, -0.20, 0.75
21:15:28, 696910303, 5.44, 5.75, 0.69, 0.06, 0.40, 0.05, 182.88, -69.81, 69.19, 0.02, -0.63, -0.20, 0.75
21:15:28, 764432261, 4.25, 5.50, -1.56, -0.18, 0.14, -0.12, 183.19, -70.06, 69.75, 0.02, -0.63, -0.20, 0.75
21:15:28, 834405877, 4.06, 4.19, 1.50, -0.33, 0.07, -0.11, 183.44, -70.19, 70.25, 0.02, -0.64, -0.19, 0.75
21:15:28, 896284826, 3.50, 2.00, -2.69, -0.38, 0.02, 0.04, 183.75, -70.19, 70.56, 0.02, -0.64, -0.19, 0.75
21:15:28, 964069612, 3.19, 0.50, -2.62, -0.43, -0.01, 0.05, 184.06, -70.12, 70.62, 0.03, -0.64, -0.19, 0.75
21:15:29, 033103689, 3.44, -1.50, 2.06, -0.50, -0.34, 0.06, 184.25, -70.06, 70.38, 0.03, -0.64, -0.19, 0.75
21:15:29, 097671200, 4.44, -4.31, 0.25, -0.36, -0.07, 0.02, 184.38, -70.06, 69.50, 0.03, -0.64, -0.19, 0.75
21:15:29, 164411264, 4.25, -5.75, 1.06, -0.26, 0.03, -0.02, 184.50, -69.94, 68.25, 0.03, -0.63, -0.19, 0.75
21:15:29, 233329048, 3.94, -7.25, -1.25, -0.17, 0.05, 0.00, 184.56, -69.81, 67.00, 0.03, -0.63, -0.19, 0.75
21:15:29, 296868541, 4.00, -8.31, 10.75, -0.23, -0.19, 0.00, 184.31, -69.88, 65.12, 0.03, -0.63, -0.18, 0.76
21:15:29, 364775399, 4.62, -9.44, -4.19, 0.00, 0.03, -0.03, 184.25, -69.75, 63.12, 0.03, -0.62, -0.18, 0.76
21:15:29, 433115971, 4.69, -9.75, 5.38, 0.00, 0.05, -0.07, 184.25, -69.56, 61.38, 0.03, -0.62, -0.18, 0.76
21:15:29, 495665833, 4.81, -9.69, -0.88, 0.23, 0.00, -0.03, 184.56, -69.06, 59.81, 0.03, -0.62, -0.18, 0.77
21:15:29, 564025312, 4.50, -8.56, -3.12, 0.13, 0.12, 0.00, 184.56, -68.81, 58.06, 0.03, -0.61, -0.17, 0.77
21:15:29, 632526937, 3.69, -7.06, 4.69, 0.11, 0.08, 0.02, 184.69, -68.50, 57.00, 0.03, -0.61, -0.17, 0.77
21:15:29, 701380092, 3.88, -6.38, 0.69, 0.29, 0.07, 0.01, 184.75, -68.31, 55.69, 0.03, -0.61, -0.17, 0.78
21:15:29, 763841882, 3.69, -5.50, -1.25, 0.20, -0.11, -0.08, 184.75, -68.19, 54.56, 0.03, -0.60, -0.17, 0.78
21:15:29, 832372654, 3.44, -4.69, -1.69, 0.09, -0.03, -0.08, 184.94, -67.94, 53.88, 0.03, -0.60, -0.17, 0.78
21:15:29, 896069422, 4.25, -4.69, 0.69, -0.11, -0.13, -0.06, 185.00, -67.75, 53.00, 0.03, -0.60, -0.17, 0.78
21:15:29, 964467159, 4.62, -5.38, -2.25, -0.28, -0.14, -0.01, 185.19, -67.50, 52.00, 0.04, -0.60, -0.16, 0.78
21:15:30, 034025894, 4.75, -6.81, -2.19, -0.23, 0.03, -0.02, 185.44, -67.19, 51.25, 0.04, -0.59, -0.16, 0.79
21:15:30, 095688606, 4.00, -7.75, -2.25, -0.18, 0.20, -0.01, 185.69, -66.75, 50.19, 0.04, -0.59, -0.16, 0.79
21:15:30, 163673981, 3.06, -7.62, -3.25, 0.00, 0.11, 0.02, 185.88, -66.38, 49.25, 0.04, -0.59, -0.16, 0.79
21:15:30, 233103996, 2.62, -7.19, -1.50, 0.04, -0.03, -0.06, 185.94, -66.00, 48.44, 0.04, -0.58, -0.16, 0.80
21:15:30, 296409104, 2.62, -6.50, 2.62, 0.28, 0.00, -0.09, 186.00, -65.69, 47.56, 0.04, -0.58, -0.16, 0.80
21:15:30, 364742732, 2.75, -6.06, 0.94, 0.18, 0.07, -0.10, 185.88, -65.50, 46.50, 0.04, -0.58, -0.16, 0.80
21:15:30, 432941066, 2.44, -5.12, -2.12, 0.08, 0.00, -0.04, 185.94, -65.25, 45.88, 0.04, -0.57, -0.16, 0.80
21:15:30, 495920439, 2.50, -5.00, 2.19, -0.10, -0.02, -0.01, 186.00, -65.00, 45.25, 0.04, -0.57, -0.16, 0.80
21:15:30, 564282325, 2.38, -5.00, -2.06, 0.08, 0.24, 0.04, 186.06, -64.75, 44.56, 0.04, -0.57, -0.16, 0.81
21:15:30, 632435716, 1.06, -4.25, -0.62, 0.17, 0.25, 0.00, 186.06, -64.56, 44.00, 0.04, -0.57, -0.15, 0.81
21:15:30, 697566957, 0.12, -2.69, -0.19, 0.38, 0.20, 0.02, 186.06, -64.31, 43.69, 0.04, -0.57, -0.15, 0.81
21:15:30, 764281799, -0.69, -1.31, -1.56, 0.39, 0.08, -0.06, 186.06, -64.25, 43.56, 0.04, -0.56, -0.15, 0.81
21:15:30, 833552854, -1.19, 1.12, 1.69, 0.44, 0.13, -0.05, 186.00, -64.25, 43.62, 0.04, -0.56, -0.16, 0.81
21:15:30, 896888795, -1.69, 3.56, -0.06, 0.37, 0.11, -0.10, 186.00, -64.31, 44.00, 0.04, -0.57, -0.16, 0.81
21:15:30, 963779690, -1.94, 4.69, -0.88, 0.04, 0.00, -0.04, 186.06, -64.50, 44.62, 0.04, -0.57, -0.16, 0.81
21:15:31, 032423553, -1.81, 5.19, -0.44, -0.01, -0.02, 0.04, 186.06, -64.69, 45.25, 0.04, -0.57, -0.16, 0.80
21:15:31, 095662347, -1.69, 4.94, -0.88, -0.03, 0.01, 0.04, 186.00, -65.00, 45.81, 0.04, -0.57, -0.16, 0.80
21:15:31, 163427578, -1.81, 5.31, 3.06, -0.02, -0.03, 0.00, 185.94, -65.25, 46.38, 0.04, -0.58, -0.16, 0.80
21:15:31, 231766131, -1.94, 5.19, -0.94, 0.00, -0.15, -0.05, 185.94, -65.50, 46.94, 0.04, -0.58, -0.16, 0.80
21:15:31, 295530453, -2.00, 5.12, 1.75, -0.12, -0.12, -0.04, 185.69, -65.94, 47.31, 0.04, -0.58, -0.16, 0.80
21:15:31, 362902783, -1.00, 4.62, 0.44, -0.09, 0.06, -0.11, 185.75, -66.06, 48.06, 0.04, -0.58, -0.16, 0.80
21:15:31, 433539480, -1.19, 4.69, -0.56, 0.02, 0.15, -0.01, 185.62, -66.38, 48.44, 0.04, -0.58, -0.16, 0.79
21:15:31, 495677424, -2.31, 4.88, -2.12, 0.18, 0.22, -0.04, 185.75, -66.50, 49.25, 0.04, -0.59, -0.16, 0.79
21:15:31, 563151568, -3.62, 6.31, -1.06, 0.12, 0.16, -0.03, 185.69, -66.75, 50.12, 0.04, -0.59, -0.16, 0.79
21:15:31, 631242459, -4.25, 7.69, 2.25, 0.13, 0.03, -0.10, 185.69, -66.94, 51.25, 0.04, -0.59, -0.16, 0.79
21:15:31, 695987356, -3.19, 7.75, -2.38, -0.14, -0.29, -0.03, 185.75, -67.19, 52.69, 0.04, -0.60, -0.17, 0.78
21:15:31, 762777530, -2.62, 7.62, 4.38, -0.18, 0.14, 0.01, 185.56, -67.69, 53.62, 0.04, -0.60, -0.17, 0.78
21:15:31, 831952161, -2.94, 7.31, 0.56, -0.18, 0.04, 0.00, 185.50, -67.94, 54.62, 0.04, -0.60, -0.17, 0.78
21:15:31, 895917701, -2.50, 5.50, -3.50, -0.23, -0.32, -0.02, 185.62, -68.06, 55.88, 0.04, -0.61, -0.17, 0.78
21:15:31, 962628969, -1.31, 4.50, 1.44, -0.19, 0.02, 0.00, 185.62, -68.25, 56.69, 0.04, -0.61, -0.17, 0.77
21:15:32, 031704732, -1.31, 3.75, -2.12, -0.01, 0.00, -0.02, 185.56, -68.38, 57.25, 0.04, -0.61, -0.17, 0.77
21:15:32, 096718438, -1.31, 3.69, 1.19, 0.03, 0.00, -0.01, 185.69, -68.44, 58.00, 0.04, -0.61, -0.17, 0.77
21:15:32, 162883531, -1.44, 4.69, -1.94, 0.22, 0.18, 0.03, 185.75, -68.56, 58.81, 0.04, -0.61, -0.17, 0.77
21:15:32, 232800778, -1.19, 5.94, 0.38, 0.22, 0.03, -0.04, 185.75, -68.75, 59.56, 0.04, -0.62, -0.17, 0.77
21:15:32, 296331790, -1.06, 7.19, 3.25, 0.14, -0.05, -0.06, 185.69, -69.00, 60.56, 0.04, -0.62, -0.17, 0.77
21:15:32, 364527068, -1.19, 7.62, -0.31, 0.09, 0.09, -0.04, 185.75, -69.31, 61.81, 0.04, -0.62, -0.17, 0.76
21:15:32, 433079396, -1.19, 7.62, 0.00, -0.07, 0.06, -0.04, 185.75, -69.56, 62.88, 0.04, -0.63, -0.17, 0.76
21:15:32, 496550260, -1.75, 7.12, -4.25, -0.01, 0.11, 0.00, 186.00, -69.62, 64.44, 0.04, -0.63, -0.17, 0.76
21:15:32, 565610041, -1.56, 6.50, 0.69, -0.01, -0.05, 0.00, 186.12, -69.69, 65.81, 0.04, -0.63, -0.18, 0.75
21:15:32, 632544935, -1.56, 6.44, 0.38, 0.08, 0.11, -0.08, 186.12, -69.94, 67.00, 0.04, -0.63, -0.18, 0.75
21:15:32, 697140260, -2.12, 6.56, 0.06, 0.13, 0.22, -0.04, 186.12, -70.12, 68.06, 0.04, -0.64, -0.18, 0.75
21:15:32, 764358464, -2.31, 6.75, -4.25, -0.04, -0.06, -0.04, 186.31, -70.06, 69.62, 0.04, -0.64, -0.18, 0.75
21:15:32, 834610556, -1.94, 6.94, 0.69, -0.16, -0.23, -0.05, 186.44, -70.19, 71.12, 0.04, -0.64, -0.18, 0.74
21:15:32, 897337045, -0.81, 14.06, -0.50, -0.04, 0.01, 0.02, 186.50, -70.25, 72.19, 0.04, -0.65, -0.18, 0.74
21:15:32, 966633693, -1.19, 5.94, 2.62, 0.05, 0.13, -0.01, 186.38, -70.56, 73.19, 0.04, -0.65, -0.18, 0.74
21:15:33, 034097521, -0.94, 5.75, 0.62, 0.02, 0.09, -0.03, 186.38, -70.69, 74.19, 0.04, -0.65, -0.18, 0.74
21:15:33, 095915193, -1.00, 5.50, 1.44, -0.04, 0.00, -0.08, 186.44, -70.81, 75.31, 0.04, -0.65, -0.18, 0.73
21:15:33, 162419206, -1.12, 5.56, 1.44, 0.03, 0.15, -0.03, 186.44, -71.00, 76.38, 0.04, -0.66, -0.18, 0.73
21:15:33, 233252585, -1.56, 5.62, 0.56, 0.12, 0.27, -0.07, 186.31, -71.19, 77.31, 0.04, -0.67, -0.18, 0.73
21:15:33, 295761337, -2.19, 6.31, -0.12, 0.09, -0.07, 0.01, 186.31, -71.25, 78.62, 0.04, -0.66, -0.18, 0.73
21:15:33, 362233424, -1.62, 5.56, -1.12, -0.04, 0.02, -0.01, 186.12, -71.50, 79.88, 0.04, -0.66, -0.18, 0.73
21:15:33, 430766085, -1.38, 5.12, 2.31, -0.08, 0.03, 0.03, 186.19, -71.56, 81.06, 0.04, -0.67, -0.18, 0.72
21:15:33, 496290671, -1.50, 4.50, -1.06, -0.21, 0.01, 0.12, 186.19, -71.62, 81.88, 0.04, -0.67, -0.18, 0.72
21:15:33, 563712038, -1.31, 2.75, 0.69, -0.07, 0.07, 0.00, 186.06, -71.75, 82.62, 0.04, -0.67, -0.18, 0.72
21:15:33, 638504011, -1.56, 2.56, 0.88, 0.01, -0.01, 0.00, 186.00, -71.75, 83.25, -1.96, -0.67, -0.18, 0.72
21:15:33, 696853932, -1.88, 2.75, -3.94, 0.31, 0.19, 0.12, 186.00, -71.69, 83.81, 0.04, -0.67, -0.18, 0.72
21:15:33, 766301780, -1.31, 3.56, -2.62, 0.07, -0.25, -0.07, 186.19, -71.50, 84.62, 0.04, -0.67, -0.18, 0.72
21:15:33, 830689516, -0.88, 4.31, 2.50, 0.14, 0.17, 0.05, 186.25, -71.50, 85.38, 0.04, -0.67, -0.18, 0.71
21:15:33, 907016517, -1.06, 4.25, -1.38, 0.05, 0.01, 0.09, 186.25, -71.56, 86.44, 0.04, -0.68, -0.18, 0.71
21:15:33, 963381918, -0.50, 3.44, -1.12, -0.07, -0.14, -0.02, 186.31, -71.56, 87.12, 0.04, -0.68, -0.18, 0.71
21:15:34, 032300535, -0.06, 3.25, 0.00, 0.05, 0.14, 0.00, 186.44, -71.44, 87.69, 0.04, -0.68, -0.18, 0.71
21:15:34, 096575218, -0.50, 2.75, -4.31, 0.01, 0.17, 0.04, 186.62, -71.38, 88.31, 0.04, -0.68, -0.19, 0.71
21:15:34, 163719126, -0.25, 2.00, 0.81, -0.13, 0.00, -0.01, 186.75, -71.31, 88.75, 0.04, -0.68, -0.19, 0.71
21:15:34, 230763333, 0.06, 1.44, -1.88, -0.03, 0.00, 0.05, 186.81, -71.25, 89.06, 0.04, -0.68, -0.19, 0.71
21:15:34, 299289031, 0.62, 0.56, -1.19, -0.05, 0.12, 0.00, 186.81, -71.31, 89.19, 0.04, -0.68, -0.19, 0.71
21:15:34, 363837876, 0.81, -0.69, 2.06, -0.24, 0.09, -0.06, 186.81, -71.31, 89.12, 0.04, -0.68, -0.19, 0.71
21:15:34, 434968712, 0.56, -1.69, -2.44, -0.15, 0.01, 0.06, 186.88, -71.25, 88.81, 0.04, -0.68, -0.19, 0.71
21:15:34, 495652627, 0.69, -3.06, -0.94, -0.16, -0.09, 0.10, 186.81, -71.31, 88.31, 0.04, -0.68, -0.18, 0.71
21:15:34, 562323304, 1.88, -4.38, 3.38, -0.01, 0.00, 0.02, 186.69, -71.44, 87.44, 0.04, -0.68, -0.18, 0.71
21:15:34, 631361178, 1.88, -4.69, -1.12, -0.05, 0.08, -0.05, 186.69, -71.44, 86.38, 0.04, -0.68, -0.18, 0.71
21:15:34, 697088593, 2.12, -4.88, 1.50, 0.01, 0.06, 0.03, 186.69, -71.44, 85.44, 0.04, -0.67, -0.18, 0.71
21:15:34, 763568144, 2.44, -5.88, -2.62, 0.05, -0.07, 0.06, 186.81, -71.31, 84.19, 0.04, -0.67, -0.18, 0.72
21:15:34, 830398354, 2.88, -5.62, 1.75, 0.08, 0.14, 0.00, 186.94, -71.25, 83.06, 0.04, -0.67, -0.18, 0.72
21:15:34, 894745203, 2.69, -5.81, 0.44, 0.01, 0.07, 0.08, 186.94, -71.25, 81.75, 0.04, -0.67, -0.18, 0.72
21:15:34, 961870241, 2.31, -6.50, -0.50, -0.03, 0.14, 0.00, 186.88, -71.25, 80.31, 0.04, -0.66, -0.18, 0.72
21:15:35, 032058261, 2.00, -6.31, -0.75, -0.05, -0.05, -0.03, 186.94, -71.12, 79.12, 0.04, -0.66, -0.18, 0.73
21:15:35, 095711826, 3.06, -6.25, 0.69, -0.03, -0.14, -0.03, 187.00, -71.00, 77.69, 0.04, -0.66, -0.18, 0.73
21:15:35, 162268634, 4.00, -6.62, 5.25, 0.00, 0.18, -0.03, 186.81, -71.12, 76.00, 0.04, -0.66, -0.17, 0.73
21:15:35, 230155399, 3.44, -7.19, 0.25, -0.19, -0.07, -0.08, 186.88, -71.06, 74.62, 0.04, -0.65, -0.17, 0.74
21:15:35, 294896796, 4.06, -8.19, 2.06, -0.09, 0.09, -0.11, 186.81, -71.12, 72.75, 0.04, -0.65, -0.17, 0.74
21:15:35, 361489141, 4.19, -9.06, 1.62, -0.13, -0.06, -0.02, 186.94, -70.81, 70.88, 0.05, -0.65, -0.17, 0.74
21:15:35, 430651772, 4.31, -10.06, -3.31, 0.06, 0.12, -0.03, 187.00, -70.62, 68.81, 0.05, -0.64, -0.17, 0.75
21:15:35, 495435742, 3.44, -9.44, -0.56, 0.31, 0.38, 0.01, 187.12, -70.31, 67.19, 0.05, -0.64, -0.17, 0.75
21:15:35, 562732499, 2.38, -7.50, -1.56, 0.47, 0.24, -0.10, 187.12, -70.06, 65.56, 0.05, -0.63, -0.17, 0.75
21:15:35, 630454546, 1.69, -5.75, -0.88, 0.30, 0.17, -0.05, 187.12, -69.94, 64.56, 0.05, -0.63, -0.17, 0.76
21:15:35, 695009279, 0.81, -3.06, -1.31, 0.37, 0.18, -0.03, 187.25, -69.69, 63.81, 0.05, -0.63, -0.17, 0.76
21:15:35, 763327370, 0.38, -0.69, -0.25, 0.48, 0.09, -0.12, 187.31, -69.56, 63.62, 0.05, -0.63, -0.17, 0.76
21:15:35, 829885974, 0.56, 0.44, 1.44, 0.10, 0.05, -0.13, 187.19, -69.69, 63.56, 0.05, -0.63, -0.17, 0.76
21:15:35, 897461449, 0.25, 1.06, 0.19, 0.15, 0.18, -0.05, 187.25, -69.69, 63.62, 0.05, -0.63, -0.17, 0.76
21:15:35, 963569951, -0.31, 1.56, -2.44, -0.07, 0.05, -0.05, 187.31, -69.62, 63.94, 0.05, -0.63, -0.17, 0.76
21:15:36, 030130629, -0.62, 1.69, -1.19, -0.02, -0.01, -0.01, 187.44, -69.62, 64.31, 0.05, -0.63, -0.17, 0.76
21:15:36, 095350758, 0.62, 1.12, -1.81, -0.13, -0.18, -0.06, 187.50, -69.62, 64.56, 0.05, -0.63, -0.17, 0.76
21:15:36, 167605388, 1.31, 0.38, 6.19, -0.22, 0.03, -0.02, 187.38, -69.81, 64.38, 0.05, -0.63, -0.16, 0.76
21:15:36, 229671686, 1.69, -1.00, 0.44, -0.21, 0.03, -0.01, 187.38, -69.88, 64.12, 0.05, -0.63, -0.16, 0.76
21:15:36, 294773798, 2.31, -3.00, 2.94, -0.28, -0.09, -0.04, 187.31, -69.94, 63.50, 0.05, -0.63, -0.16, 0.76
21:15:36, 361410549, 2.31, -3.75, -2.31, -0.06, 0.22, 0.01, 187.38, -69.88, 62.75, 0.05, -0.63, -0.16, 0.76
21:15:36, 429386257, 1.62, -3.81, -2.25, 0.04, 0.16, 0.10, 187.50, -69.62, 62.25, 0.05, -0.63, -0.16, 0.76
21:15:36, 498714441, 1.69, -4.19, -4.50, 0.10, 0.12, 0.00, 187.75, -69.38, 61.75, 0.05, -0.62, -0.16, 0.76
21:15:36, 565047290, 1.62, -3.25, -0.88, 0.08, 0.18, -0.05, 187.88, -69.12, 61.19, 0.05, -0.62, -0.16, 0.76
21:15:36, 629238382, 1.44, -2.50, -2.06, 0.20, 0.35, -0.02, 188.06, -68.88, 60.81, 0.05, -0.62, -0.16, 0.76
21:15:36, 694900521, 0.62, -1.69, -2.62, 0.27, 0.22, -0.07, 188.06, -68.88, 60.50, 0.05, -0.62, -0.16, 0.77
21:15:36, 763141095, 0.38, 0.19, -0.06, 0.25, 0.14, -0.07, 188.12, -68.81, 60.50, 0.05, -0.62, -0.16, 0.77
21:15:36, 829369761, 1.00, 0.75, -0.50, 0.05, 0.00, -0.05, 188.19, -68.75, 60.62, 0.06, -0.62, -0.16, 0.77
21:15:36, 897785424, 1.50, 0.19, 0.06, -0.15, -0.02, -0.04, 188.19, -68.88, 60.50, 0.05, -0.62, 1.92, -0.00
21:15:36, 963796317, 1.38, -0.19, -0.12, -0.07, 0.21, 0.00, 188.25, -68.81, 60.44, 0.06, -0.62, -0.16, 0.77
21:15:37, 029385828, 0.38, -0.44, -2.25, -0.14, 0.05, 0.03, 188.31, -68.81, 60.44, 0.06, -0.62, -0.16, 0.77
21:15:37, 097345573, 0.38, -0.50, -0.50, -0.04, 0.00, -0.02, 188.38, -68.75, 60.50, 0.06, -0.62, -0.16, 0.77
21:15:37, 163047767, 0.62, -0.25, 1.06, 0.12, 0.02, -0.03, 188.38, -68.81, 60.38, 0.06, -0.62, -0.16, 0.77
21:15:37, 229287711, 0.81, 0.50, 0.12, 0.06, -0.02, -0.11, 188.38, -68.81, 60.31, 0.06, -0.62, -0.16, 0.77
21:15:37, 294467674, 0.94, 0.88, -1.50, 0.12, 0.02, -0.06, 188.38, -68.88, 60.38, 0.06, -0.62, -0.16, 0.77
21:15:37, 362686914, 0.94, 1.62, 0.50, -0.01, 0.16, 0.00, 188.50, -68.94, 60.56, 0.06, -0.62, -0.16, 0.76
21:15:37, 428832323, 0.88, 1.69, -0.25, -0.02, 0.13, 0.00, 188.56, -68.94, 60.81, 0.06, -0.62, -0.16, 0.76
21:15:37, 497214894, 0.69, 0.94, -0.12, -0.25, -0.08, -0.04, 188.62, -69.00, 60.94, 0.06, -0.62, -0.16, 0.76
21:15:37, 562526243, 0.94, -0.25, -2.19, -0.20, -0.10, -0.05, 188.69, -69.00, 60.94, 0.06, -0.62, -0.16, 0.76
21:15:37, 628685447, 0.94, -0.38, 0.25, 0.03, 0.02, -0.05, 188.81, -68.94, 60.94, 0.06, -0.62, -0.16, 0.76
21:15:37, 695043037, 0.75, -0.31, -1.94, 0.00, 0.03, 0.03, 188.88, -68.94, 60.94, 0.06, -0.62, -0.16, 0.76
21:15:37, 762597864, 0.88, 0.12, 0.81, 0.07, 0.08, -0.03, 188.88, -69.00, 60.81, 0.06, -0.62, -0.16, 0.76
21:15:37, 828925899, 1.31, -0.19, -1.12, 0.04, 0.01, 0.01, 189.06, -68.88, 60.81, 0.06, -0.62, -0.16, 0.76
21:15:37, 896994235, 1.19, -0.19, 0.62, -0.03, 0.22, 0.07, 189.00, -68.94, 60.69, 0.06, -0.62, -0.16, 0.76
21:15:37, 963225197, 0.44, -0.12, -1.62, 0.01, 0.10, -0.03, 189.12, -68.88, 60.69, 0.06, -0.62, -0.16, 0.76
21:15:38, 028434641, 0.38, 0.06, -0.56, 0.00, 0.14, -0.04, 189.19, -68.88, 60.75, 0.06, -0.62, -0.16, 0.76
21:15:38, 094887210, 0.75, 0.12, -1.50, -0.02, -0.11, -0.03, 189.31, -68.75, 60.88, 0.06, -0.62, -0.16, 0.76
21:15:38, 164470519, 0.75, 0.25, -0.31, -0.02, 0.32, -0.01, 189.31, -68.81, 60.75, 0.06, -0.62, -0.16, 0.76
21:15:38, 228310154, 0.06, 0.38, 0.38, -0.05, 0.09, -0.03, 189.31, -68.75, 60.81, 0.06, -0.62, -0.16, 0.76
21:15:38, 296524154, -0.06, 0.12, 0.00, -0.07, 0.07, -0.04, 189.25, -68.88, 60.75, 0.06, -0.62, -0.16, 0.76
21:15:38, 364399068, -0.44, -0.25, 0.62, 0.09, 0.07, -0.07, 189.25, -68.88, 60.69, 0.06, -0.62, -0.15, 0.76
21:15:38, 428625863, -0.38, 0.25, -0.44, 0.03, 0.02, 0.05, 189.25, -68.88, 60.75, 0.06, -0.62, -0.16, 0.76
21:15:38, 496659330, 0.25, 0.38, -0.19, -0.10, -0.04, 0.01, 189.25, -68.81, 60.75, 0.06, -0.62, -0.16, 0.76
21:15:38, 564310766, 1.00, 0.50, 0.44, -0.14, -0.11, -0.02, 189.38, -68.81, 60.81, 0.06, -0.62, -0.16, 0.76
21:15:38, 628250714, 1.56, -0.19, 0.69, -0.21, -0.06, 0.02, 189.31, -68.88, 60.56, 0.06, -0.62, -0.15, 0.76
21:15:38, 694585989, 1.94, -1.38, 1.50, -0.10, 0.16, -0.02, 189.38, -68.88, 60.25, 0.06, -0.62, -0.15, 0.76
